id,category,idea,script,caption,editingStatus,publishStatus,link,metrics,date,views,likes,shares,reposts,comments
0edd37d8-ddd7-4bbd-a7bc-d5e1c79f18f8,Instagram M. Aqil Baihaqi,Video quote tentang motivasi juga bisa nervous,video pak aqil sebelum perform dan melihatkan rasa grogi,,Selesai,Published,https://www.instagram.com/p/DZE9l-duUeB/,1820,2026-06-03,1820,41,1,,
50031f37-d4e5-4441-838f-62eb11984c38,Instagram M. Aqil Baihaqi,konten collab bersama cak sarip ,"membahas tentang Menerima omongan orang lain itu penting.

Tapi jangan langsung percaya semua omongan yang belum jelas faktanya
Kadang baru denger cerita setengah,udah mikir ke mana-mana.",#aqilbaihaqi #cakukil #caksarip #comedy #motivasi,Selesai,Published,https://www.instagram.com/p/DZHfUjWuLOf/,1394,2026-06-03,1000,100,2,5,8
357eb7fa-a738-408b-8084-e3655e478b1a,Instagram M. Aqil Baihaqi,Motivasi vlog pak aqil membahas tentang Gen z sebenarnya tidak malas bekerja,dimulai pak aqil merekam sambil jalan (mini vlog) menjelaskan fenomena gen z sebenarya ga malas bekerja tapi lebih ke mikir apa manfaat untuk dirinya,"Banyak yang bilang Gen Z malas kerja.

Padahal Mereka tidal malas,
mereka hanya tidak ingin tekanan yang tidak masuk akal.

Menurut kalian, yang harus berubah siapa: Gen Z atau perusahaannya?

#GenZ #DuniaKerja #AqilBaihaqi #MotivatorIndonesia #CareerGrowth #WorkLifeBalance",Selesai,Published,https://drive.google.com/file/d/1hNQHMd87rp82ihYps4aBb__olAJbw9KA/view?usp=drive_link,984,2026-06-04,984,29,1,1,8
ff5e407c-6bec-433b-b5f9-f350df06068d,Instagram M. Aqil Baihaqi,5 Alasan Orang Biasa Bisa Mengalahkan Mahasiswa Cumlaude,,"Dulu banyak orang berpikir bahwa IPK tinggi adalah jaminan sukses. 
Padahal di dunia kerja, ada faktor lain yang sering lebih menentukan.

Ini  5 alasan kenapa mahasiswa biasa bisa mengalahkan mahasiswa cumlaude

1. Lebih berani mengambil kesempatan
Banyak orang berkembang bukan karena paling pintar, tetapi karena berani mencoba hal baru meski belum merasa siap. 
Kesempatan sering datang kepada mereka yang bergerak, bukan yang menunggu sempurna.

2. Lebih aktif membangun relasi
Karier adalah kombinasi antara kompetensi dan koneksi. 
Relasi yang baik membuka akses pada informasi, peluang, dan pengalaman yang mungkin tidak ditemukan di ruang kelas.

3. Lebih cepat belajar dari kesalahan
Orang yang takut salah cenderung lambat berkembang. 
Sebaliknya, mereka yang mampu mengevaluasi kesalahan dan memperbaikinya biasanya memiliki kurva belajar yang lebih cepat.

4. Lebih mudah beradaptasi
Dunia kerja berubah sangat cepat. 
Kemampuan menyesuaikan diri dengan teknologi, sistem, dan lingkungan baru sering kali lebih berharga daripada sekadar menguasai teori.

5. Tidak menunggu sempurna untuk mulai
Banyak peluang hilang karena terlalu banyak berpikir. 
Orang yang mau memulai, belajar sambil jalan, dan terus memperbaiki diri biasanya memiliki pengalaman lebih banyak dibanding mereka yang hanya mempersiapkan diri.",Editing,Published,https://drive.google.com/file/d/1a5CRqAEk1skiJHOvZI3tW6HxDxFlUXUN/view?usp=drivesdk,,2026-06-08,,,,,
816e7d10-4858-4af8-b008-b6da996aa3cf,Hafara Group,Promosi Soft Selling ,"TRAINING: INVESTASI ATAU FORMALITAS?

Poin Pendukung : Banyak training selesai, peserta hadir, tetapi implementasi minim. Jadi masalahnya ada pada training atau metodenya? 

Bagian Promosi (inti soft selling):
Kenapa harus memilih Hafara Group ? 
- Metode interaktif & aplikatif
- Didampingi trainer berpengalaman
- Fokus pada implementasi, bukan hanya teori
- Materi disesuaikan dengan kebutuhan peserta

CTA (Footer Poster):
Konsultasi Sekarang  📩","Training itu investasi atau formalitas?
Karena hasil training bukan diukur dari banyaknya peserta, tapi dari perubahan yang terjadi setelahnya.",Selesai,Published,https://www.instagram.com/p/DZKCNjjvDNr/,,2024-06-04,64,3,,,
3074cf72-6fae-458e-8f3e-9c292a79be46,Instagram M. Aqil Baihaqi,4 Kebohongan Karier yang Masih Dipercaya Mahasiswa,,"Banyak mahasiswa menganggap bahwa berkarir itu sesederhana belajar rajin, nilai bagus, lalu sukses. Padahal dunia karier tidak sesederhana itu.

Ini dia 4 kebohongan karier yang terlalu sering dipercaya mahasiswa

1. Kerja keras pasti dihargai
Kerja keras itu penting, tapi kalau hasil dan dampaknya tidak terlihat, orang lain belum tentu menyadarinya. 
Selain bekerja dengan baik, kamu juga perlu mampu mengomunikasikan kontribusimu.

2. Orang pintar pasti sukses
Kepintaran memang membantu, tetapi kesuksesan karier juga dipengaruhi kemampuan beradaptasi, bekerja sama, berkomunikasi, dan menyelesaikan masalah. Dunia kerja adalah permainan tim, bukan ujian individu.

3. Networking itu cari muka
Networking bukan menjilat atau mencari keuntungan pribadi. 
Networking adalah membangun hubungan profesional yang sehat, saling belajar, dan saling membantu. 
Banyak peluang karier lahir dari hubungan yang dibangun jauh sebelum peluang itu muncul.

4. Kesempatan datang kepada yang sabar menunggu
Realitanya, kesempatan lebih sering datang kepada mereka yang aktif mencari, mencoba, dan memperkenalkan diri. 
Menunggu memang nyaman, tetapi bertindaklah yang membuat peluang menemukanmu.",Selesai,Published,https://drive.google.com/file/d/185btuAieQfVmxv16uVzN7FJDhXWK3aRP/view?usp=drivesdk,3096,2026-06-04,3096,53,9,3,
fad933b5-6c1a-4278-a859-a901dbaa6b48,TikTok Aqil Baihaqi,"Carousel : Belajar Dari Benang Kusut, Tidak Semua Masalah Harus Dipotong",,,Selesai,Published,https://canva.link/cjsmsqr0lbs8nmk,,2026-06-05,,,,,
b0ea6a00-bccd-47de-8944-a3ed4967651d,Instagram M. Aqil Baihaqi,Motivasi membahas tentang karyawan yang suka cari muka didepan atasannya,untuk isi nya dimulai dari pertanyaan tentang karyawan suka cari muka lalu pak aqil menjelaskan dikemas dengan humor2 tipis agar video tidak monoton,"Jangan panik kalau temenmu suka cari muka ke atasan, kamu cuma perlu fokus ningkatin kualitas dirimu tanpa perlu validasi berlebihan",Selesai,Published,https://www.instagram.com/reel/DZceC_FJ7Fi/?utm_source=ig_web_copy_link&igsh=MzRlODBiNWFlZA==,,2026-06-11,890,8,0,1,2
e7fd56f5-f58e-4885-b8c9-8673f2772106,Instagram M. Aqil Baihaqi,Kesalahan terbesar banyak orang adalah… berusaha menyenangkan semua orang.,"Inti dari pembahasan ini adalah kita tidak akan pernah bisa menyenangkan semua orang. 
Seberapa baik pun sikap kita, pasti tetap akan ada orang yang menganggap kita baik, dan ada juga yang menilai kita buruk. 
Itu terjadi karena setiap orang melihat dari sudut pandang, pengalaman, dan ekspektasi yang berbeda-beda. 
Kesalahan terbesar banyak orang adalah terlalu sibuk mencari validasi dan berusaha diterima oleh semua orang, 
sampai akhirnya kehilangan diri sendiri dan merasa lelah secara mental. Padahal yang paling penting bukan membuat semua orang suka, 
tetapi tetap menjadi pribadi yang tulus, punya prinsip, dan menjalani hidup sesuai nilai yang kita yakini tanpa harus memaksa semua orang memahami kita.

CTA : 
Menurut kalian, lebih penting jadi diri sendiri atau disukai semua orang?",#Aqil baihaqi #Motivasi #Kebahagiaan #mindset,Draft,Belum Publish,,,2026-06-11,0,0,0,0,0
9d0f7b77-0884-4f6e-99e4-f4f02e9c0ba3,Hafara Group,5 TANDA TIM KAMU BUTUH TRAINING,1. Produktivitas tim stagnan : Penambahan SDM tidak selalu meningkatkan performa. Masalah utama sering kali ada pada sistem kerja dan pengembangan skill tim. 2. Komunikasi antar divisi tidak efektif : Komunikasi tim yang kurang efektif sering menjadi penghambat produktivitas dan sinergi antar anggota tim. 3. Motivasi karyawan rendah : Kemampuan tinggi perlu didukung motivasi yang kuat agar performa kerja tetap optimal dan konsisten. 4. Leader belum bisa gerakkan tim : Leadership bukan bakat tapi ini skill yang dilatih. Tim yang dipimpin dengan baik bisa 2–3x lebih produktif. 5. Target perusahaan terus meleset : Bukan hanya strategi namun kapasitas tim yang menjalankannya juga harus diasah agar target tercapai. ,"Yuk, intip tanda-tanda tim kamu harus ikut training",Selesai,Published,https://www.instagram.com/p/DZKcdIcj3SA/?img_index=1,,2026-06-04,71,4,0,0,0
823228f1-69c5-44c3-951e-8c82b4a8d4c0,Hafara Group,"OMZET NAIK, TAPI TIM TIDAK BERKEMBANG. Apa penyebabnya ??","Slide 1 :
FOKUS PADA TARGET, LUPA MENGEMBANGKAN ORANG
Banyak perusahaan mengejar angka penjualan dan pertumbuhan bisnis. Namun pengembangan SDM sering dianggap sebagai biaya, bukan investasi. Akibatnya bisnis tumbuh lebih cepat daripada kemampuan tim.

SLIDE 2 :
KARYAWAN SIBUK BEKERJA, TAPI JARANG BELAJAR
Rutinitas pekerjaan yang padat membuat pengembangan kompetensi terabaikan. Padahal dunia bisnis terus berubah dan menuntut kemampuan baru.

SLIDE 3 : 
TIDAK ADA JALUR PENGEMBANGAN YANG JELAS
Karyawan tidak tahu keterampilan apa yang harus ditingkatkan. Mereka bekerja setiap hari, tetapi tidak melihat arah pertumbuhan kariernya.

SLIDE 4 : 
PEMIMPIN FOKUS MENGAWASI, BUKAN MEMBINA
Tim yang hanya diawasi akan bekerja sesuai instruksi.
Tim yang dibina akan belajar berpikir, berinisiatif, dan menyelesaikan masalah secara mandiri.

SLIDE 5 :
DAMPAKNYA BAGI BISNIS

• Owner semakin kewalahan
• Produktivitas sulit meningkat
• Regenerasi pemimpin terhambat
• Karyawan mudah bergantung
• Bisnis sulit scale up

SLIDE 6 : 

BISNIS YANG BERTUMBUH MEMBUTUHKAN TIM YANG IKUT BERTUMBUH
Karena pertumbuhan bisnis yang berkelanjutan tidak hanya ditentukan oleh strategi. Tetapi juga oleh kualitas orang-orang yang menjalankannya.","Menurut Anda, mana yang lebih sulit:
meningkatkan omzet atau mengembangkan tim?",Selesai,Published,https://canva.link/zvid8z2wn51fm37,,2026-06-15,460,3,0,0,0
d23e316b-92f1-492a-a4f2-761c63f55ca3,Hafara Group,Ngajarin Gen Z biar tetep fokus pas dibrief,,Hey hey fokus dulu,Selesai,Published,https://www.instagram.com/p/DZHjY1aP1D5/,,2026-06-03,378,15,12,0,4
41913252-a14d-4568-a8ac-8301b004ec12,Hafara Group,POV : Boss happy ngeliat teamwork karyawannya ,,,Selesai,Published,https://www.instagram.com/p/DZMso2LhnJH/,,2026-06-05,2009,34,10,0,4
5196ecf1-eeb1-4c7c-85a1-e49ee6602e67,Hafara Group,Perbedaan Perusahaan yang pakai Konsultan SDM VS tidak,"❌ Tanpa Consultant :
- Tidak ada sistem pengembangan SDM
- Produktivitas tim stagnan tiap tahun
- Turnover karyawan tinggi & mahal
- Target perusahaan sering meleset


✅ Dengan Consultant :
- Ada roadmap pengembangan SDM yang jelas
- Produktivitas tim terus meningkat terukur
- Budaya kerja sehat & produktif
- Target tercapai karena tim yang kuat",,Selesai,Published,https://www.instagram.com/p/DZXCCCcPYRG/,,2026-06-09,61,40,0,0,0
1fc6a84e-7b20-4a19-b652-8a1ed5cc35cb,Hafara Group,POV : Temen yang masih kerja saat jam pulang ,,Spill temen kerja mu yang tipe nya kayak gini,Selesai,Published,https://www.instagram.com/p/DZcKb-nvfeV/,,2026-06-11,2047,66,40,2,0
24bbd1dd-9585-4f5d-ad30-b33554667eea,Hafara Group,Mindset ,"Tidak peduli seberapa pintar dirimu. Jika kamu tidak tahu bagaimana cara nya bekerja dengan orang lain, kamu tidak akan pernah sukses","Karena didunia bisnis, yang paling cepat naik bukan yang paling jago sendirian, tapi yang paling bisa membangun relasi & kolaborasi",Selesai,Published,https://drive.google.com/file/d/1AjFQRjRdApZ6hxC6pr4S2cYCS9_LDCSo/view?usp=drive_link,,2026-06-15,198,13,12,0,0
50f20c2d-36df-4fdb-bb0e-444e70246c15,Hafara Group,Motivasi Kerja,,"Karena didunia bisnis, yang paling cepat naik bukan yang paling jago sendirian, tapi yang paling bisa membangun relasi & kolaborasi
1 hari",Selesai,Published,https://www.instagram.com/p/DZmttSkhFga/,,2026-06-15,184,12,12,0,0
29eeb6e2-774f-4970-9b9b-9a8cc499ca61,Instagram M. Aqil Baihaqi,5 Hal yang Wajib Kamu Lakukan Sebelum Wisuda,,"Banyak mahasiswa mengira setelah wisuda yang paling penting adalah ijazah.
Padahal di dunia kerja, ada aset lain yang sering kali lebih menentukan seberapa cepat kamu berkembang.

Ini 5 hal yang wajib kamu miliki sebelum wisuda, biar gak cuma punya ijazah doang
1. Portofolio
Perusahaan nggak cuma mau tahu kamu belajar apa, tapi juga pernah ngapain.
Pernah bikin proyek, ikut lomba, organisasi, magang, atau freelance? Dokumentasikan. Itu bisa jadi nilai jualmu.

2. Networking
Nggak sedikit orang dapat kesempatan kerja karena kenal orang yang tepat.
Networking bukan cari muka, tapi memperluas pertemanan dan koneksi profesional.
Ingat! Banyak peluang kerja tidak datang dari job portal, tetapi dari rekomendasi dan relasi.

3. Skill Komunikasi
Pintar aja nggak cukup. Kamu perlu bisa menyampaikan ide, bertanya dengan baik, dan ngobrol dengan berbagai tipe orang.
Ini skill yang kepakai di hampir semua pekerjaan.

4. Personal Branding
Kalau orang lain disuruh mendeskripsikan kamu, kira-kira mereka akan bilang apa?
Personal branding adalah kesan yang kamu tinggalkan. Mulai tunjukkan minat, kemampuan, dan hal yang kamu kuasai.
Stop jadi sok misterius, mulailah dari hal sederhana, seperti LinkedIn.

5. Digital Skill
Sekarang hampir semua pekerjaan pakai teknologi.
Nggak harus jago coding atau jadi programmer, tapi minimal paham AI, Excel, Canva, Google Workspace, atau tools kerja lainnya.

Karena setelah wisuda, kamu akan bertemu ribuan orang yang punya ijazah yang sama.

Yang membedakan adalah apa yang sudah kamu bangun selama kuliah.

Share ke teman tingkat akhir yang masih berpikir wisuda adalah garis finish.",Draft,Belum Publish,https://drive.google.com/file/d/1ZkoSb1yxpVgYYQDiyOKMLjk6nsgNMeP7/view?usp=drive_link,,2026-06-17,0,0,0,0,0
af6f6f29-b29d-44cf-b8a7-7b1b8bb02840,Instagram M. Aqil Baihaqi,5 Alasan Networking Bisa Mengalahkan CV,,"Kalau kamu masih mahasiswa atau fresh graduate, ada satu realita yang mungkin agak pahit:
Networking sering lebih berpengaruh daripada CV.
Bukan berarti CV nggak penting. Tapi banyak orang terlalu fokus mempercantik CV sampai lupa membangun hubungan dengan orang lain.

Kenapa?

1. Orang lebih percaya rekomendasi daripada dokumen.
CV itu isinya tentang dirimu menurut versimu sendiri. Tapi kalau ada orang yang bilang, ""Eh, aku pernah kerja bareng dia. Orangnya bagus kok,""
itu biasanya jauh lebih meyakinkan.

2. Banyak kesempatan nggak pernah masuk job portal
Nggak semua lowongan diumumkan ke publik. Kadang perusahaan lebih dulu tanya ke karyawan atau relasinya, ""Ada rekomendasi nggak?""
Kalau kamu nggak punya jaringan, kamu bahkan nggak tahu kesempatan itu ada.

3. Networking bikin kamu diingat
Bayangin ada dua kandidat yang sama-sama bagus. Yang satu nggak dikenal siapa-siapa, yang satu pernah aktif diskusi, ikut komunitas, dan membangun relasi.
Kira-kira siapa yang lebih dulu diingat?

4. Kesempatan sering datang dari obrolan sederhana
Magang, proyek, freelance, sampai pekerjaan tetap kadang berawal dari hal sesederhana ngobrol setelah seminar,
ikut komunitas, atau kenalan di LinkedIn. Banyak peluang datang dari percakapan yang awalnya kelihatan biasa saja.

5. Dunia kerja itu tentang manusia
Mau secanggih apa pun skill-mu, tetap saja kamu akan bekerja dengan manusia.
Kemampuan membangun hubungan, menjaga komunikasi, dan membuat orang nyaman bekerja sama denganmu
adalah aset yang nggak kalah penting dari hard skill.

Jadi jangan cuma sibuk nambah isi CV.
Mulai kenalan, ngobrol, dan bangun relasi juga.
Karena banyak orang kehilangan kesempatan bukan karena kurang pintar.
Tapi karena nggak dikenal.

Setuju atau tidak?",Draft,Belum Publish,https://drive.google.com/file/d/1l4-pZhY_3Nzy-qTA4_GuBqdt8XEOS56Q/view?usp=drive_link,,2026-06-18,0,0,0,0,0
d78505ff-3b6c-46e6-8b48-00b0c06d6dde,Instagram M. Aqil Baihaqi,4 Pelajaran Politik Kantor yang Sebaiknya Kamu Tahu Sejak Kuliah,,"Mahasiswa harus tahu kalau di dunia kerja ada yang sering disebut ""politik kantor"".
Bukan selalu tentang drama atau menjilat. Tapi tentang bagaimana kepentingan,
relasi, dan persepsi memengaruhi keputusan.

1. Orang yang paling terlihat kadang lebih dihargai daripada yang paling bekerja keras
Pernah ada anggota kelompok yang kerjanya biasa saja tapi selalu aktif bicara saat presentasi?
Di kantor juga bisa terjadi.
Bukan berarti kerjanya tidak penting, tapi karena atasan hanya bisa menilai apa yang terlihat.
Jadi jangan hanya fokus bekerja, belajar juga mengomunikasikan hasil kerjamu.

2. Tidak semua keputusan dibuat berdasarkan performa
Kadang proyek diberikan kepada orang tertentu karena sudah dipercaya sebelumnya.
Kadang ide yang sama, diterima ketika disampaikan oleh orang yang berbeda.
Terdengar tidak adil, tapi kepercayaan memang memengaruhi keputusan.
Maka kamu perlu bangun kredibilitas, bukan hanya kemampuan.

3. Kamu tidak harus dekat dengan semua orang, tapi jangan dikenal sebagai orang yang sulit diajak kerja sama
Ada orang yang sangat kompeten, tapi sering mempermalukan rekan kerja, sulit diajak diskusi, atau suka menyalahkan orang lain.
Lama-lama orang akan menghindarinya.
Kenyataanya, reputasi profesional sering dibangun dari cara kita memperlakukan orang lain.

4. Ada perbedaan antara menjilat dan membangun relasi
Banyak fresh graduate takut dianggap cari muka.
Akhirnya mereka menjaga jarak dengan atasan, senior, bahkan lintas divisi.
Padahal membangun hubungan profesional itu bagian dari pekerjaan.
Jadi jangan fokus mencari perhatian. Fokuslah membangun kepercayaan.

Karena di dunia kerja, kemampuan membuatmu dilirik.

Tapi kepercayaan sering membuatmu diberi kesempatan.

Share konten ini biar temanmu tahu gimana caranya menghadapi politik kantor",Draft,Belum Publish,https://drive.google.com/file/d/1aDgJaQg0m3l9uuOLusD3boloujjUDJZv/view?usp=drive_link,,2026-06-19,0,0,0,0,0
f3dbd530-7833-424c-9708-a922ddb2b115,Hafara Group,Postingan Quote,"angan Menunggu Kesempatan, Jadilah Alasan Kesempatan Itu Datang

Orang yang terus belajar, berkembang, dan memberikan nilai lebih akan selalu menemukan peluang di setiap keadaan.","Kesempatan tidak selalu datang kepada yang paling pintar atau paling berpengalaman. Sering kali, kesempatan datang kepada mereka yang terus mempersiapkan diri, belajar, dan memberikan nilai lebih setiap harinya.

#Motivasi #GrowthMindset #PengembanganDiri #Leadership",Selesai,Published,https://canva.link/4ah0kmstf4kxbdy,,2026-06-19,0,0,0,0,0
19733217-16a9-4e47-88e2-c54c5145eafe,Instagram M. Aqil Baihaqi,motivasi tentang atasan yang suka pilih kasih,ayu bertanya ke pak aqil gimana cara nyikapin atasan yang suka pilih kasih sama bahawannya lalu pak aqil menjelaskan dan kasih solusi,"Kalo kamu punya atasan yang suka pilih kasih sama bawahanya
kira-kira apa yang akan kamu lakukan?",Selesai,Published,https://www.instagram.com/p/DZNIJS6JIw6/,,2026-06-05,1225,30,0,1,1
2ac34e5d-82bf-4db5-b371-a096805693a0,Instagram M. Aqil Baihaqi,clip pak qil saat perform membahsa tentang ribuan orang yang sukes berasal dari 2 kemampuan,shoot materi pak aqil saat ngisi,"Siapa sangka dalam dunia kerja, Kepribadianmu justru punya pengaruh lebih tinggi daripada kemampuan Teknis

Kalau menurut kalian gimana?

#AqilBaihaqi #MotivatorIndonesia #Leadership #SoftSkills #mindset",Selesai,Published,https://www.instagram.com/p/DZU2hiiJ3N7/,,2026-06-08,1400,33,0,1,0
d5b6ef45-2716-4090-9b49-ef97fc0e2828,Instagram M. Aqil Baihaqi,expresi pak aqil pusing karena pertamax naik Rp.16.250,video pak aqil melihat laptop seolah membaca berita dan expresi pusing karena membahas pertamax naik 16.250,"Dolar naik, bahan bakar naik . Apa lagi yang bakal naik? 🫠🫠🫠 #aqilbaihaqi #pertamax #bbm",Selesai,Published,https://www.instagram.com/reel/DZYsCb-POOk/?utm_source=ig_web_button_share_sheet&igsh=MzRlODBiNWFlZA==,,2026-06-10,15260,471,30,19,425
06290491-3547-40d0-af49-15fbd29ebf76,Instagram M. Aqil Baihaqi,video text quote,video paka aqil diam hanya memainkan kamera,"etika kamu melewati masa di mana kamu merasa sangat terpuruk, kehilangan arah, atau depresi…

Mungkin itu bukan hukuman.
Bisa jadi, itu adalah berkah Tuhan yang belum kamu pahami.

Karena terkadang, Tuhan mengguncang hidup kita bukan untuk menghancurkan.
Tetapi untuk mengarahkan.

Mengeluarkan kita dari kehidupan yang biasa, menuju tujuan yang lebih besar dan lebih bermakna.
Sebab bisa jadi, rasa gelisah yang kamu rasakan hari ini adalah tanda bahwa jiwamu tidak diciptakan untuk hidup yang biasa-biasa saja.

Percayalah…

Tidak semua yang menyakitkan itu buruk.
Jangan menyerah pada masa sulitmu. Karena bisa jadi, di situlah Tuhan sedang menulis bab terbaik dalam hidupmu",Selesai,Published,https://www.instagram.com/reel/DZevfkpOlHe/?utm_source=ig_web_copy_link&igsh=MzRlODBiNWFlZA==,,2026-06-12,1859,34,0,0,2
69ab02b1-f1dd-4451-b5fc-7ea58b9b1bed,Instagram M. Aqil Baihaqi,video random pak aqil bersama keluarga ( zera gamau pindah tempat duduk di belakan),zera gamau ngalah sama mamanya ,"Diusir ratu kecilku 🤣🤣🤣 #aqilbaihaqi #fyp #familytime
",Selesai,Published,https://www.instagram.com/reel/DZhjbzuOi2O/?utm_source=ig_web_copy_link&igsh=MzRlODBiNWFlZA==,,2026-06-13,6801,175,9,0,13
dcb30ad5-0ff0-4884-9e59-d68f5c63f466,Instagram M. Aqil Baihaqi,Carausel : lilin yang meleleh,,"Lilin tidak memilih siapa yang akan menikmati cahayanya, ia hanya fokus menjalankan fungsinya. Begitu pula kehidupan, berbuat baik karena nilai yang kita pegang, bukan karena ingin mendapatkan balasan tertentu.",Selesai,Published,https://www.instagram.com/p/DZl3z-SmgWg/?utm_source=ig_web_copy_link&igsh=MzRlODBiNWFlZA==,,2026-06-15,970,13,0,1,2
987ec4f2-0a1a-4a72-b92c-d75cfefd7f7f,Instagram M. Aqil Baihaqi,text quote : 4 tanda kamu sebenernya siap kerja tapi baru fresh graduate,,"Banyak mahasiswa merasa belum siap kerja karena belum punya pengalaman banyak.
Padahal, siap kerja gak selalu soal berapa kali magang atau berapa banyak sertifikat yang kamu punya.

Kalau kamu punya 4 hal ini, kemungkinan besar kamu sudah lebih siap kerja daripada yang kamu kira.

1. Kamu bisa belajar tanpa disuruh
Ini tanda yang sering diremehkan. Di dunia kerja, tugas dan tantangan baru akan terus muncul.
Kalau kamu terbiasa mencari tahu, belajar sendiri, dan tidak selalu menunggu arahan,
itu artinya kamu udah punya kemampuan beradptasi di dunia pekerjaan.

2. Kamu berani bertanya kalau gak tahu
Percaya atau tidak, banyak masalah di tempat kerja terjadi karena orang pura-pura paham.
Orang yang siap kerja tahu kapan harus bertanya.

3. Kamu mau mengakui kesalahan
Saat salah, apakah kamu mencari alasan atau mencari solusi?
Kalau kamu lebih fokus memperbaiki keadaan daripada menyalahkan situasi, itu tanda bahwa kamu sudah punya mentalitas profesional.
Dunia kerja bukan mencari orang yang selalu benar. Dunia kerja mencari orang yang bisa dipercaya.

4. Kamu bisa kerja bareng berbagai tipe orang
Kalau kamu bisa tetap profesional meskipun bekerja dengan orang yang berbeda cara pikir, berbeda kebiasaan,
atau berbeda gaya komunikasi, itu tanda bahwa kamu siap menghadapi realitas kerja yang sesungguhnya.

Jadi kalau kamu punya keempat hal ini, jangan terlalu cepat menganggap dirimu belum siap kerja.

Mungkin yang kurang hanya rasa percaya dirimu.

Share ke temanmu yang masih sering bilang, “Aku belum siap masuk dunia kerja.”",Selesai,Published,https://www.instagram.com/reel/DZmZwo0u3N0/?utm_source=ig_web_copy_link&igsh=MzRlODBiNWFlZA==,,2026-06-15,3065,58,0,1,0
76723af5-e7e9-41d1-9617-33d8e6540729,Instagram M. Aqil Baihaqi,clip kegiatan di luwuk,,"Dimanapun kita berada, apapun yang kita dapat, jangan lupa untuk bersyukur 😊",Selesai,Published,https://www.instagram.com/reel/DZm4D3XpHbJ/?utm_source=ig_web_copy_link&igsh=MzRlODBiNWFlZA==,,2026-06-15,1442,0,0,0,0
da4aa6a1-913d-4ac9-ba7b-d2a0e023d061,Instagram M. Aqil Baihaqi,5 hal yang wajib mahasiswa lakukan sebelum wisuda,,"Banyak mahasiswa mengira setelah wisuda yang paling penting adalah ijazah.
Padahal di dunia kerja, ada aset lain yang sering kali lebih menentukan seberapa cepat kamu berkembang.

Ini 5 hal yang wajib kamu miliki sebelum wisuda, biar gak cuma punya ijazah doang
1. Portofolio
Perusahaan nggak cuma mau tahu kamu belajar apa, tapi juga pernah ngapain.
Pernah bikin proyek, ikut lomba, organisasi, magang, atau freelance? Dokumentasikan. Itu bisa jadi nilai jualmu.

2. Networking
Nggak sedikit orang dapat kesempatan kerja karena kenal orang yang tepat.
Networking bukan cari muka, tapi memperluas pertemanan dan koneksi profesional.
Ingat! Banyak peluang kerja tidak datang dari job portal, tetapi dari rekomendasi dan relasi.

3. Skill Komunikasi
Pintar aja nggak cukup. Kamu perlu bisa menyampaikan ide, bertanya dengan baik, dan ngobrol dengan berbagai tipe orang.
Ini skill yang kepakai di hampir semua pekerjaan.

4. Personal Branding
Kalau orang lain disuruh mendeskripsikan kamu, kira-kira mereka akan bilang apa?
Personal branding adalah kesan yang kamu tinggalkan. Mulai tunjukkan minat, kemampuan, dan hal yang kamu kuasai.
Stop jadi sok misterius, mulailah dari hal sederhana, seperti LinkedIn.

5. Digital Skill
Sekarang hampir semua pekerjaan pakai teknologi.
Nggak harus jago coding atau jadi programmer, tapi minimal paham AI, Excel, Canva, Google Workspace, atau tools kerja lainnya.

Karena setelah wisuda, kamu akan bertemu ribuan orang yang punya ijazah yang sama.

Yang membedakan adalah apa yang sudah kamu bangun selama kuliah.

Share ke teman tingkat akhir yang masih berpikir wisuda adalah garis finish.",Selesai,Published,https://www.instagram.com/p/DZrmNY3JIqc/,,2026-06-17,3316,72,5,4,0
b68af56e-5edb-41f7-b5fa-00c20c22f055,Instagram M. Aqil Baihaqi,give away untuk 2 orang anniversary k e7 pak aqil dan mba nifa,,"IVE AWAY 2 ORANG YANG BERUNTUNG! Tulis komen terbaik mu!

Happy Anniversary ke-7, Sayang. ❤️
17 Juni 2019 - 17 Juni 2026

Aku tahu selama ini terlalu sering sibuk mengejar banyak hal, sampai kadang lupa menunjukkan betapa berharganya kamu dalam hidupku. Tapi percayalah, di setiap langkah dan perjuanganku, selalu ada kamu yang menjadi alasaku untuk terus bertahan dan berusaha.

Terima kasih sudah tetap menemani, memahami, dan meyayangi ku, bahkan di saat aku belum bisa menjadi suami yang sempurna. Tujuh tahun ini mengajarkanku satu hal, bahwa rumah terbaik bukanlah tempat, melainkan kamu.

Maaf jika aku masih sering kurang menunjukkan kasih sayang yang kamu harapkan. Aku sedang belajar menjadi suami yang lebih baik, bukan hanya untuk hari ini, tapi untuk setiap hari yang Allah izinkan kita bersama.",Selesai,Published,https://www.instagram.com/p/DZt95haurAQ/,,2026-06-18,5619,0,2,0,27
93648491-63bb-4f64-a611-048bc1af93f6,Instagram M. Aqil Baihaqi,video motivasi pak aqil membahas tentang karyawan yang digaji terus tapi performanya jalan di tempat,,"Jangan sampai gaji karyawan naik tapi performa kerja gak ada kemajuan, yang ada cuman bikin bisnis owner rugi. Ini lah pentingya bisnis owner mengukur kualitas kontribusi sebelum menaikkan gaji karyawannya.",Selesai,Published,https://www.instagram.com/p/DZuLlHOpNIs/,,2026-06-18,1564,13,0,0,0
d2d4c435-a4e2-4205-b3d7-413b1ab0d5bc,Instagram M. Aqil Baihaqi,text quote :  4 pelajaran politik kantor yang sebaiknya kamu tahu sejak kuliah,,"Mahasiswa harus tahu kalau di dunia kerja ada yang sering disebut “politik kantor”.
Bukan selalu tentang drama atau menjilat. Tapi tentang bagaimana kepentingan,
relasi, dan persepsi memengaruhi keputusan.

1. Orang yang paling terlihat kadang lebih dihargai daripada yang paling bekerja keras
Pernah ada anggota kelompok yang kerjanya biasa saja tapi selalu aktif bicara saat presentasi?
Di kantor juga bisa terjadi.
Bukan berarti kerjanya tidak penting, tapi karena atasan hanya bisa menilai apa yang terlihat.
Jadi jangan hanya fokus bekerja, belajar juga mengomunikasikan hasil kerjamu.

2. Tidak semua keputusan dibuat berdasarkan performa
Kadang proyek diberikan kepada orang tertentu karena sudah dipercaya sebelumnya.
Kadang ide yang sama, diterima ketika disampaikan oleh orang yang berbeda.
Terdengar tidak adil, tapi kepercayaan memang memengaruhi keputusan.
Maka kamu perlu bangun kredibilitas, bukan hanya kemampuan.

3. Kamu tidak harus dekat dengan semua orang, tapi jangan dikenal sebagai orang yang sulit diajak kerja sama
Ada orang yang sangat kompeten, tapi sering mempermalukan rekan kerja, sulit diajak diskusi, atau suka menyalahkan orang lain.
Lama-lama orang akan menghindarinya.
Kenyataanya, reputasi profesional sering dibangun dari cara kita memperlakukan orang lain.

4. Ada perbedaan antara menjilat dan membangun relasi
Banyak fresh graduate takut dianggap cari muka.
Akhirnya mereka menjaga jarak dengan atasan, senior, bahkan lintas divisi.
Padahal membangun hubungan profesional itu bagian dari pekerjaan.
Jadi jangan fokus mencari perhatian. Fokuslah membangun kepercayaan.

Karena di dunia kerja, kemampuan membuatmu dilirik.

Tapi kepercayaan sering membuatmu diberi kesempatan.

Share konten ini biar temanmu tahu gimana caranya menghadapi politik kantor",Selesai,Published,https://www.instagram.com/p/DZwvyftpO5Y/,,2026-06-19,3400,57,0,3,1
f95f91d3-5ec0-4233-bb83-e979cd6c7bc2,Instagram M. Aqil Baihaqi,video motivasi pengalaman pak aqil di luwuk,,"Pengalaman saat gagal landing di Luwuk Sulawesi Selatan 😅
",Selesai,Published,https://www.instagram.com/p/DZxLR6Wp1kA/,,2026-06-19,905,10,0,0,0
f6c949be-f1e2-4702-97d1-02bbeb5e4e00,Instagram M. Aqil Baihaqi,sti,,,Draft,Belum Publish,https://www.instagram.com/p/DZyzhN0OxxJ/,,2026-07-03,0,0,0,0,0