id,submittedBy,type,category,title,ideaDetail,proposedLink,status,ownerNotes,publishChecked,date
f2090213-0da1-4943-b9b4-1604c46ff080,Assistant Trainer,Content,Motivasi,Kesalahan terbesar banyak orang adalah… berusaha menyenangkan semua orang.,"Inti dari pembahasan ini adalah kita tidak akan pernah bisa menyenangkan semua orang. 
Seberapa baik pun sikap kita, pasti tetap akan ada orang yang menganggap kita baik, dan ada juga yang menilai kita buruk. 
Itu terjadi karena setiap orang melihat dari sudut pandang, pengalaman, dan ekspektasi yang berbeda-beda. 
Kesalahan terbesar banyak orang adalah terlalu sibuk mencari validasi dan berusaha diterima oleh semua orang, 
sampai akhirnya kehilangan diri sendiri dan merasa lelah secara mental. Padahal yang paling penting bukan membuat semua orang suka, 
tetapi tetap menjadi pribadi yang tulus, punya prinsip, dan menjalani hidup sesuai nilai yang kita yakini tanpa harus memaksa semua orang memahami kita.

CTA : 
Menurut kalian, lebih penting jadi diri sendiri atau disukai semua orang?",https://www.tiktok.com/@fariskhaeruman/video/7383864622048087312?q=kesalahan%20terbesar%20berusaha%20menyenangkan%20semua%20orang&t=1780540966276,ACC,Disetujui oleh Owner,Belum,2026-06-04
5de1975a-5acd-4196-af64-6a277bb311da,Assistant Trainer,Content,Motivasi,"""Hook :Banyak anak muda bilang susah cari kerja… padahal kadang yang susah itu menurunkan gengsi.""","Inti dari pembahasan ini adalah banyak anak Gen Z merasa susah mendapatkan pekerjaan lalu langsung menyalahkan keadaan, 
menganggap lowongan kerja sedikit dan kesempatan sudah tidak ada. Padahal faktanya, peluang kerja masih banyak, 
hanya saja kadang banyak yang terlalu memilih pekerjaan berdasarkan gengsi, ingin posisi nyaman sejak awal, 
atau berharap gaji tinggi tanpa mau melalui proses berkembang terlebih dahulu. 
Banyak yang ingin hasil besar, tetapi belum siap memulai dari bawah. ",,ACC,Disetujui oleh Owner,Belum,2026-06-04
ed8f72bc-3c57-447b-9712-ea0933245e04,Assistant Trainer,Content,Motivasi,"""hook : “""Jangan terlalu bangga dengan pencapaianmu, kalau itu masih jauh di bawah potensimu."".”  ""","Banyak orang takut bermimpi besar karena takut gagal.

Akhirnya mereka memilih target yang aman.

Target yang hampir pasti tercapai.

Dan ketika berhasil, mereka merasa puas.

Padahal bisa jadi, itu bukan batas kemampuan mereka.

Itu hanya batas keberanian mereka.

Ingat, kegagalan bukanlah hal yang paling berbahaya.

Yang paling berbahaya adalah ketika kamu menetapkan mimpi yang terlalu rendah... lalu berhasil mencapainya.

Karena keberhasilan itu membuatmu berhenti.

Membuatmu merasa cukup.

Padahal kamu mampu menjadi lebih dari itu.

Closing

Lebih baik gagal saat mengejar sesuatu yang besar, daripada berhasil pada sesuatu yang sebenarnya terlalu kecil untuk potensimu.

CTA

Menurutmu, apakah target yang kamu kejar hari ini benar-benar sesuai dengan potensimu?",https://www.tiktok.com/@aldin_clip/video/7582205530438159634?q=kesalahan%20terbesar%20mimpi%20&t=1780541178038,ACC,Disetujui oleh Owner,Belum,2026-06-04
76026354-a378-4e58-bde0-ed2c8b850757,Assistant Trainer,Content,Motivasi,kebahagiaan hidupmu tergantung pada kualitas pikiranmu,"membahas bahwa kebahagiaan tidak selalu ditentukan oleh keadaan di luar diri, tetapi oleh cara seseorang memandang dan merespons keadaan tersebut. Dua orang bisa menghadapi masalah yang sama, namun memiliki tingkat kebahagiaan yang berbeda karena kualitas pola pikir yang berbeda. Konten mengajak audiens untuk lebih menjaga isi pikiran, fokus pada hal yang bisa dikendalikan, dan tidak membiarkan keadaan eksternal menguasai ketenangan hidup mereka. Pesan utamanya adalah bahwa kualitas hidup sering kali merupakan cerminan dari kualitas pikiran yang kita pelihara setiap hari.",,ACC,Disetujui oleh Owner,Belum,2026-06-04
f644b6c8-b0de-4230-8f68-d1e72e7038d1,Assistant Trainer,Content,Motivasi,4 kata yang menghancurkan lebih banyak mimpi daripada kegagalan itu sendiri: 'What will people say?,"ketakutan terhadap pendapat orang lain sering menjadi penghambat terbesar kesuksesan seseorang. Banyak orang sebenarnya memiliki kemampuan, ide, dan peluang untuk berkembang, tetapi memilih menahan diri karena terlalu memikirkan komentar, kritik, atau penilaian dari lingkungan sekitar. Padahal, orang yang sukses bukanlah mereka yang tidak pernah dikritik, melainkan mereka yang tetap melangkah meskipun ada kemungkinan dinilai oleh orang lain. Konten ini mengajak audiens untuk lebih fokus pada tujuan hidupnya daripada terlalu sibuk mencari persetujuan dari semua orang.",https://www.tiktok.com/@harapancore.id/video/7436217250052443400?q=deddi%20corbuzier&t=1780544576802,ACC,Disetujui oleh Owner,Belum,2026-06-04
a41fc7e1-1c30-4e69-a1b3-57f4d484cc2c,Content Creative,Content,Text Edukasi,5 Alasan Orang Biasa Bisa Mengalahkan Mahasiswa Cumlaude,"Dulu banyak orang berpikir bahwa IPK tinggi adalah jaminan sukses. 
Padahal di dunia kerja, ada faktor lain yang sering lebih menentukan.

Ini  5 alasan kenapa mahasiswa biasa bisa mengalahkan mahasiswa cumlaude

1. Lebih berani mengambil kesempatan
Banyak orang berkembang bukan karena paling pintar, tetapi karena berani mencoba hal baru meski belum merasa siap. 
Kesempatan sering datang kepada mereka yang bergerak, bukan yang menunggu sempurna.

2. Lebih aktif membangun relasi
Karier adalah kombinasi antara kompetensi dan koneksi. 
Relasi yang baik membuka akses pada informasi, peluang, dan pengalaman yang mungkin tidak ditemukan di ruang kelas.

3. Lebih cepat belajar dari kesalahan
Orang yang takut salah cenderung lambat berkembang. 
Sebaliknya, mereka yang mampu mengevaluasi kesalahan dan memperbaikinya biasanya memiliki kurva belajar yang lebih cepat.

4. Lebih mudah beradaptasi
Dunia kerja berubah sangat cepat. 
Kemampuan menyesuaikan diri dengan teknologi, sistem, dan lingkungan baru sering kali lebih berharga daripada sekadar menguasai teori.

5. Tidak menunggu sempurna untuk mulai
Banyak peluang hilang karena terlalu banyak berpikir. 
Orang yang mau memulai, belajar sambil jalan, dan terus memperbaiki diri biasanya memiliki pengalaman lebih banyak dibanding mereka yang hanya mempersiapkan diri",,ACC,Disetujui oleh Owner,Belum,2026-06-04
d443dd92-24e3-4cf9-8491-7df30330237b,Content Creative,Content,Text Edukasi,4 Kebohongan Karier yang Terlalu Sering Dipercaya Mahasiswa,"Banyak mahasiswa menganggap bahwa berkarir itu sesederhana belajar rajin, nilai bagus, lalu sukses. Padahal dunia karier tidak sesederhana itu.

Ini dia 4 kebohongan karier yang terlalu sering dipercaya mahasiswa

1. Kerja keras pasti dihargai
Kerja keras itu penting, tapi kalau hasil dan dampaknya tidak terlihat, orang lain belum tentu menyadarinya. 
Selain bekerja dengan baik, kamu juga perlu mampu mengomunikasikan kontribusimu.

2. Orang pintar pasti sukses
Kepintaran memang membantu, tetapi kesuksesan karier juga dipengaruhi kemampuan beradaptasi, bekerja sama, berkomunikasi, dan menyelesaikan masalah. Dunia kerja adalah permainan tim, bukan ujian individu.

3. Networking itu cari muka
Networking bukan menjilat atau mencari keuntungan pribadi. 
Networking adalah membangun hubungan profesional yang sehat, saling belajar, dan saling membantu. 
Banyak peluang karier lahir dari hubungan yang dibangun jauh sebelum peluang itu muncul.

4. Kesempatan datang kepada yang sabar menunggu
Realitanya, kesempatan lebih sering datang kepada mereka yang aktif mencari, mencoba, dan memperkenalkan diri. 
Menunggu memang nyaman, tetapi bertindaklah yang membuat peluang menemukanmu.",,ACC,Disetujui oleh Owner,Belum,2026-06-04
e22686c8-4f2c-4b56-8ba1-4a985fbb920a,Digital Marketing & IT,Content,Carousel,Promosi Soft Selling ,"TRAINING: INVESTASI ATAU FORMALITAS?

Poin Pendukung : Banyak training selesai, peserta hadir, tetapi implementasi minim. Jadi masalahnya ada pada training atau metodenya? 

Bagian Promosi (inti soft selling):
Kenapa harus memilih Hafara Group ? 
- Metode interaktif & aplikatif
- Didampingi trainer berpengalaman
- Fokus pada implementasi, bukan hanya teori
- Materi disesuaikan dengan kebutuhan peserta

CTA (Footer Poster):
KOnsultasi Sekarang  📩",,ACC,Disetujui oleh Owner,Belum,2026-06-04
a5375e40-98b4-499a-8dce-03941051a460,Assistant Trainer,Content,Motivasi,Jangan jadi orang yang selalu result oriented.,"Hook

Jangan jadi orang yang selalu result oriented.

Isi (Pembahasan)

Banyak orang ingin tahu hasilnya sebelum memulai. Ingin tahu apakah akan berhasil, apakah akan disukai, apakah akan mendapatkan keuntungan, atau apakah akan gagal.
Padahal tidak semua hal dalam hidup datang dengan kepastian. Terkadang, satu-satunya cara untuk mengetahui hasilnya adalah dengan berani memulai dan menjalani prosesnya.Jangan terlalu sibuk memikirkan hasil yang belum tentu terjadi, sampai lupa mengambil langkah yang bisa dilakukan hari ini.

CTA

Pernah nggak kamu menunda sesuatu karena terlalu memikirkan hasil akhirnya? Ceritakan di kolom komentar. 👇",https://vt.tiktok.com/ZSQdaRT1P/,ACC,Disetujui oleh Owner,Belum,2026-06-05
9ae1171d-bf5d-4cf8-a87c-0088b4b7d67f,Assistant Trainer,Content,Motivasi,"""Hal terpenting yang harus kamu kumpulkan di usia 20–25 tahun bukan uang, tapi pengalaman.""","Hook

""Hal terpenting yang harus kamu kumpulkan di usia 20–25 tahun bukan uang, tapi pengalaman.""

Isi 
Di usia 20–25 tahun, hal terpenting yang perlu kamu kumpulkan bukan hanya uang atau jabatan, tetapi pengalaman. Kamu bisa mendapatkan pengalaman dari mana saja. Bekerja dengan orang lain, menjadi freelancer, membangun usaha, mencoba hal baru, atau bahkan dari kegagalan yang pernah kamu alami.

Sayangnya, banyak anak muda terlalu terburu-buru ingin mencapai sesuatu karena terpengaruh standar sosial. Melihat teman sudah sukses, punya jabatan, atau memiliki pencapaian tertentu membuat mereka merasa tertinggal.

Padahal setiap orang memiliki perjalanan dan waktunya masing-masing.

Jangan biarkan dirimu terburu-buru hanya karena ingin mengikuti timeline orang lain. Fokuslah membangun pengalaman, karena pengalaman yang kamu kumpulkan hari ini akan menjadi bekal yang sangat berharga untuk masa depan.

CTA

Menurutmu, pengalaman paling berharga yang kamu dapatkan di usia 20-an sejauh ini apa? Tulis di komentar. 👇

#aqilbaihaqi #hafara #motivasi #mindset #genz #karier #pengembangandiri #selfimprovement #anakmuda #pengalamanhidup",https://vt.tiktok.com/ZSQdus9TA/A,ACC,Disetujui oleh Owner,Belum,2026-06-05
3241e1bb-66e1-4b93-acee-accf5868c9ff,Assistant Trainer,Content,Motivasi,hook : gen z itu paling pinter soal informasi tapi paling payah soal eksekusi,"Gen Z adalah generasi yang tumbuh dengan akses informasi tanpa batas. Hampir semua hal bisa dipelajari hanya lewat layar handphone. Mulai dari bisnis, investasi, public speaking, content creation, hingga pengembangan diri.

Namun sayangnya, banyak yang terjebak pada fase belajar tanpa henti. Terlalu banyak menonton, terlalu banyak menyimpan, terlalu banyak merencanakan, tetapi terlalu sedikit melakukan.

Merasa produktif karena mengonsumsi banyak informasi, padahal belum ada tindakan yang benar-benar dijalankan.

Padahal yang mengubah hidup bukanlah seberapa banyak informasi yang kita miliki, melainkan seberapa berani kita mengeksekusi apa yang sudah kita ketahui.

Di era sekarang, informasi bukan lagi keunggulan. Eksekusilah yang menjadi pembeda. 🔥

CTA

Kalau jujur, kamu lebih sering menghabiskan waktu untuk belajar atau untuk mengeksekusi apa yang sudah kamu pelajari? 👇",https://vt.tiktok.com/ZSQdHNpj7/,ACC,ganti aja,Belum,2026-06-05
746dabbd-5bb6-43bf-af0b-3570b9c108a8,Assistant Trainer,Content,Motivasi,Mini podcast 1 pertanyaan ,"Ada nggak pengalaman yang waktu itu terasa menyakitkan, tapi ternyata justru menjadi titik balik hidup Pak Aqil?",,ACC,Disetujui oleh Owner,Belum,2026-06-05
39a6835d-8215-4371-a18b-d498efcbc2da,Content Creative,Content,Collab,secepat apa customer service hafara merespon chat klien,ade naik sepeda motor terus berhenti ditengah jalan buat bales chat klien,https://www.instagram.com/reel/DXGzWNqBFEP/?igsh=MTR2bGk4cGxvNzlkaQ==,ACC,Disetujui oleh Owner,Belum,2026-06-05
5bed6758-d942-4413-835c-7295fbca69bb,Content Creative,Content,Collab,"dia nanyain akun instagramku, jadi aku kasih instagram hafaragroup aja, karena aku butuh klien bukan pacar","istiana lagi belanja disamperin orang yang minta ignya, tapi dikasih tunjuk ig hafara lewat hp ",https://www.instagram.com/reel/DXhGss4grMr/?igsh=MTAwdGxscTZkbHgxYg==,ACC,Disetujui oleh Owner,Belum,2026-06-05
764d4033-3b96-44a0-8b53-fae58a608435,Content Creative,Content,Motivasi,pov : temen kamu yang karyawan biasa itu masih kerja di jam pulang,"badar masih kerja didepan laptop, isti cinta ade dibelakang badar udah pake helm dan jaket siap pulang",https://www.instagram.com/reel/DVTCMuIEVAG/?igsh=cW8xNTdlOW9pNmk=,ACC,Disetujui oleh Owner,Belum,2026-06-05
2fc1861f-cae5-438a-9093-2dbdabfe01a3,Content Creative,Content,Text Edukasi,"4 Tanda Kamu Siap Kerja, Meski Belum Punya Pengalaman","Banyak mahasiswa merasa belum siap kerja karena belum punya pengalaman banyak.
Padahal, siap kerja gak selalu soal berapa kali magang atau berapa banyak sertifikat yang kamu punya.

Kalau kamu punya 5 hal ini, kemungkinan besar kamu sudah lebih siap kerja daripada yang kamu kira.

1. Kamu bisa belajar tanpa disuruh
Ini tanda yang sering diremehkan. Di dunia kerja, tugas dan tantangan baru akan terus muncul. 
Kalau kamu terbiasa mencari tahu, belajar sendiri, dan tidak selalu menunggu arahan, 
itu artinya kamu udah punya kemampuan beradptasi di dunia pekerjaan. 

2. Kamu berani bertanya kalau gak tahu
Percaya atau tidak, banyak masalah di tempat kerja terjadi karena orang pura-pura paham. 
Orang yang siap kerja tahu kapan harus bertanya. 

3. Kamu mau mengakui kesalahan
Saat salah, apakah kamu mencari alasan atau mencari solusi? 
Kalau kamu lebih fokus memperbaiki keadaan daripada menyalahkan situasi, itu tanda bahwa kamu sudah punya mentalitas profesional.
Dunia kerja bukan mencari orang yang selalu benar. Dunia kerja mencari orang yang bisa dipercaya. 

4. Kamu bisa kerja bareng berbagai tipe orang
Kalau kamu bisa tetap profesional meskipun bekerja dengan orang yang berbeda cara pikir, berbeda kebiasaan, 
atau berbeda gaya komunikasi, itu tanda bahwa kamu siap menghadapi realitas kerja yang sesungguhnya.

5. Kamu bisa menerima feedback
Orang yang siap kerja paham bahwa feedback bukan serangan, tapi bahan bakar untuk berkembang. 
Semakin terbuka kamu menerima masukan, semakin cepat kemampuanmu bertumbuh dibanding orang yang selalu merasa paling benar.

Jadi kalau kamu punya kelima hal ini, jangan terlalu cepat menganggap dirimu belum siap kerja.

Mungkin yang kurang hanya rasa percaya dirimu.

Share ke temanmu yang masih sering bilang, ""Aku belum siap masuk dunia kerja.""
",,ACC,Disetujui oleh Owner,Belum,2026-06-05
e06d0bc2-2d7d-46f1-90f7-60f4c81ed61b,Content Creative,Content,Text Edukasi,5 Hal yang Wajib Kamu Lakukan Sebelum Wisuda,"Banyak mahasiswa mengira setelah wisuda yang paling penting adalah ijazah. 
Padahal di dunia kerja, ada aset lain yang sering kali lebih menentukan seberapa cepat kamu berkembang.

Ini 5 hal yang wajib kamu miliki sebelum wisuda, biar gak cuma punya ijazah doang
1. Portofolio
Perusahaan nggak cuma mau tahu kamu belajar apa, tapi juga pernah ngapain. 
Pernah bikin proyek, ikut lomba, organisasi, magang, atau freelance? Dokumentasikan. Itu bisa jadi nilai jualmu.

2. Networking
Nggak sedikit orang dapat kesempatan kerja karena kenal orang yang tepat. 
Networking bukan cari muka, tapi memperluas pertemanan dan koneksi profesional.
Ingat! Banyak peluang kerja tidak datang dari job portal, tetapi dari rekomendasi dan relasi.

3. Skill Komunikasi
Pintar aja nggak cukup. Kamu perlu bisa menyampaikan ide, bertanya dengan baik, dan ngobrol dengan berbagai tipe orang. 
Ini skill yang kepakai di hampir semua pekerjaan.

4. Personal Branding
Kalau orang lain disuruh mendeskripsikan kamu, kira-kira mereka akan bilang apa?
Personal branding adalah kesan yang kamu tinggalkan. Mulai tunjukkan minat, kemampuan, dan hal yang kamu kuasai.
Stop jadi sok misterius, mulailah dari hal sederhana, seperti LinkedIn.

5. Digital Skill
Sekarang hampir semua pekerjaan pakai teknologi.
Nggak harus jago coding atau jadi programmer, tapi minimal paham AI, Excel, Canva, Google Workspace, atau tools kerja lainnya.

Karena setelah wisuda, kamu akan bertemu ribuan orang yang punya ijazah yang sama.

Yang membedakan adalah apa yang sudah kamu bangun selama kuliah.

Share ke teman tingkat akhir yang masih berpikir wisuda adalah garis finish. ",,ACC,,Belum,2026-06-05
2d0ab681-6da8-4ae2-b8b3-f74dddb6b285,Content Creative,Content,Motivasi,pov. perang dunia tidak akan menghalangi cs untuk melayani customer,ade lagi sibuk balesin chat cust sambil dikasih background perang dunia,https://www.instagram.com/reel/DWjEIdPkkDV/?igsh=MXNra3JwcGJhM2lybA==,ACC,,Belum,2026-06-08
866fc5d7-e646-4a93-9c16-aba3a09de222,Content Creative,Content,Motivasi,pov. ketika semua hasil kerjaan harus acc bos dulu,"masing-masing shoot habis kelar ngerjain jobdesk langsung ke pak aqil buat minta acc sambil bawa laptop, di akhir pak aqil kuwalahan buat acc karena semua minta bebarengan",https://www.instagram.com/reel/DZSRsxIPJiM/?igsh=OXRjemJwM3h5ZjVu,ACC,Disetujui oleh Owner,Belum,2026-06-08
9dea6f22-054e-4028-9ea7-f1001db0927a,Content Creative,Content,Motivasi,kondisi habis setor revisi konten,"kami ber 4 lega sambil ketawa-ketawa habis setor revisi konten lewat chat dengan ditampilkan screenshoot chatnya, lalu tiba-tiba bos mengetik yang artinya ada revisi lagi jadi kita ber 4 berhenti ketawa sambil bengong",https://www.instagram.com/reel/DX_NDSMJ0iV/?igsh=NnZueGNlbnBzemY=,ACC,,Belum,2026-06-08
23cbb9d1-3d91-4fa5-ba1a-83b3e247ddd4,Assistant Trainer,Content,Motivasi,Pemimpin yang 3 AH,"Deskripsi

1. Pemimpin yang sukanya memerintah doang.

Menyuruh ini itu memang mudah. Tapi seorang pemimpin seharusnya tidak hanya memberi perintah, melainkan juga memberi arahan, dukungan, dan contoh yang baik bagi timnya.

2. Pemimpin yang sedikit-sedikit marah.

Tegas itu perlu, tapi terlalu mudah marah justru membuat tim bekerja karena takut, bukan karena semangat. Akibatnya, anggota tim jadi enggan berpendapat dan takut melakukan kesalahan.

3. Pemimpin yang sering bilang, ""Ah...""

""Ah, gitu aja nggak bisa?""
""Ah, masa begitu aja harus diajarin?""
""Ah, alasan aja.""

Kalimat-kalimat seperti ini mungkin terdengar sepele, tetapi bisa membuat tim merasa tidak dihargai dan kehilangan kepercayaan diri untuk berkembang.

Pemimpin yang baik bukan yang paling ditakuti, tetapi yang mampu membuat timnya bertumbuh, berani belajar, dan nyaman untuk memberikan yang terbaik.

CTA

Menurut kamu, dari ketiga tipe pemimpin di atas, mana yang paling sering kamu temui? 👇

#kepemimpinan #leadership #genz #duniakerja #motivasi #aqilbaihaqi #hafara #selfimprovement #manajemen #pengembangandiri",,ACC,Disetujui oleh Owner,Belum,2026-06-08
82dfbd24-a888-4e10-95cd-3061f04a814a,Content Creative,Content,Text Edukasi,5 Alasan Networking Bisa Mengalahkan CV,"Kalau kamu masih mahasiswa atau fresh graduate, ada satu realita yang mungkin agak pahit:
Networking sering lebih berpengaruh daripada CV.
Bukan berarti CV nggak penting. Tapi banyak orang terlalu fokus mempercantik CV sampai lupa membangun hubungan dengan orang lain.

Kenapa?

1. Orang lebih percaya rekomendasi daripada dokumen.
CV itu isinya tentang dirimu menurut versimu sendiri. Tapi kalau ada orang yang bilang, ""Eh, aku pernah kerja bareng dia. Orangnya bagus kok,""
itu biasanya jauh lebih meyakinkan.

2. Banyak kesempatan nggak pernah masuk job portal
Nggak semua lowongan diumumkan ke publik. Kadang perusahaan lebih dulu tanya ke karyawan atau relasinya, ""Ada rekomendasi nggak?"" 
Kalau kamu nggak punya jaringan, kamu bahkan nggak tahu kesempatan itu ada.

3. Networking bikin kamu diingat
Bayangin ada dua kandidat yang sama-sama bagus. Yang satu nggak dikenal siapa-siapa, yang satu pernah aktif diskusi, ikut komunitas, dan membangun relasi.
Kira-kira siapa yang lebih dulu diingat?

4. Kesempatan sering datang dari obrolan sederhana
Magang, proyek, freelance, sampai pekerjaan tetap kadang berawal dari hal sesederhana ngobrol setelah seminar, 
ikut komunitas, atau kenalan di LinkedIn. Banyak peluang datang dari percakapan yang awalnya kelihatan biasa saja.

5. Dunia kerja itu tentang manusia
Mau secanggih apa pun skill-mu, tetap saja kamu akan bekerja dengan manusia. 
Kemampuan membangun hubungan, menjaga komunikasi, dan membuat orang nyaman bekerja sama denganmu 
adalah aset yang nggak kalah penting dari hard skill.

Jadi jangan cuma sibuk nambah isi CV.
Mulai kenalan, ngobrol, dan bangun relasi juga.
Karena banyak orang kehilangan kesempatan bukan karena kurang pintar.
Tapi karena nggak dikenal.

Setuju atau tidak?",,ACC,,Belum,2026-06-08
acc6d062-d551-4d73-9f6c-35c84175e9e6,Content Creative,Content,Carousel,Rahasia Air yang Selalu Menemukan Jalannya:  Orang yang fleksibel sering kali lebih bertahan dibanding orang yang hanya mengandalkan kekuatan.,"Slide 1 — Hook

“Kalau air aja nggak drama pas jalannya ketutup…”
kamu kenapa panik duluan?

Air itu nggak bikin thread “hidup gue kok gini banget”.
Dia cuma… lanjut aja.

Slide 2 — Realita Air (yang lebih dewasa dari kita)

Air itu simpel banget:

Ketemu batu → muter
Ketemu tembok → cari celah
Ketemu jalan kecil → tetap masuk

Dia nggak debat.
Nggak ngambek.
Nggak nunggu validasi.

Slide 3 — Sementara kita…

Kita kalau dikit-dikit:

“Aku gagal berarti aku nggak cocok hidup”
“Udah deh, aku berhenti aja”
“Kayaknya semesta nggak dukung aku”

Padahal masalahnya kadang cuma satu:
kamu belum nyoba “belok”, masih maksa “lurus terus”.

Slide 4 — Plot twistnya

Air itu bukan lemah.

Justru dia:

Fleksibel tapi nggak hilang arah
Nggak keras kepala, tapi tetap sampai tujuan
Nggak ribut, tapi konsisten jalan terus

Jadi yang bertahan itu bukan yang paling keras…
tapi yang paling adaptif.

Slide 5 — Closing (tamparan halus)

Mungkin kamu bukan “gagal”.
Mungkin kamu cuma:

terlalu kaku
terlalu takut berubah arah
atau terlalu cepat menyerah pas jalan pertama ketutup

Air aja santai banget nyari jalan.
Kamu kok buru-buru nyerah?

“Masalahnya hidupmu berat, atau cara kamu ngadepinnya yang masih terlalu kaku?”",,ACC,Disetujui oleh Owner,Belum,2026-06-08
633add70-e9e6-42d6-9cf8-f752c3fa8137,Digital Marketing & IT,Content,Text Edukasi,Perbedaan Perusahaan yang Pakai Konsultan SDM vs Tidak,"❌ Tanpa Consultant : 
- Tidak ada sistem pengembangan SDM
- Produktivitas tim stagnan tiap tahun
- Turnover karyawan tinggi & mahal
- Target perusahaan sering meleset


✅ Dengan Consultant : 
- Ada roadmap pengembangan SDM yang jelas
- Produktivitas tim terus meningkat terukur
- Budaya kerja sehat & produktif
- Target tercapai karena tim yang kuat
",https://canva.link/hsg1ezhuej4cjl8,ACC,Disetujui oleh Owner,Belum,2026-06-09
7c670f4e-9bb3-4a1f-a653-f997867b0cb1,Assistant Trainer,Content,Motivasi,Ketakutan adalah alasan kenapa banyak Gen Z tidak berkembang,memberikan motivasi penjelasan tentang kenapa ketakutan menjadi alasan banyak anak gen z tidak berkembang,,ACC,Disetujui oleh Owner,Belum,2026-06-10
79c8bccc-b312-4a8b-815b-927cf0df6dc6,Assistant Trainer,Content,Motivasi,"Kalau Pak Aqil kembali ke usia 20 tahun, satu hal apa yang akan Pak Aqil lakukan ?",pak aqil menceritakan jika kembali e usia 20 tahun hal apa yang akan Pak Aqil mulai lebih awal karena sekarang sadar itu sangat penting?,,ACC,Disetujui oleh Owner,Belum,2026-06-10
1c54284e-7002-4cf7-a48d-077c3a2e89ba,Content Creative,Content,Text Edukasi,4 Pelajaran Politik Kantor yang Sebaiknya Kamu Tahu Sejak Kuliah,"Mahasiswa harus tahu kalau di dunia kerja ada yang sering disebut ""politik kantor"".
Bukan selalu tentang drama atau menjilat. Tapi tentang bagaimana kepentingan,
relasi, dan persepsi memengaruhi keputusan.

1. Orang yang paling terlihat kadang lebih dihargai daripada yang paling bekerja keras
Pernah ada anggota kelompok yang kerjanya biasa saja tapi selalu aktif bicara saat presentasi?
Di kantor juga bisa terjadi.
Bukan berarti kerjanya tidak penting, tapi karena atasan hanya bisa menilai apa yang terlihat.
Jadi jangan hanya fokus bekerja, belajar juga mengomunikasikan hasil kerjamu.

2. Tidak semua keputusan dibuat berdasarkan performa
Kadang proyek diberikan kepada orang tertentu karena sudah dipercaya sebelumnya.
Kadang ide yang sama, diterima ketika disampaikan oleh orang yang berbeda.
Terdengar tidak adil, tapi kepercayaan memang memengaruhi keputusan.
Maka kamu perlu bangun kredibilitas, bukan hanya kemampuan.

3. Kamu tidak harus dekat dengan semua orang, tapi jangan dikenal sebagai orang yang sulit diajak kerja sama
Ada orang yang sangat kompeten, tapi sering mempermalukan rekan kerja, sulit diajak diskusi, atau suka menyalahkan orang lain.
Lama-lama orang akan menghindarinya.
Kenyataanya, reputasi profesional sering dibangun dari cara kita memperlakukan orang lain.

4. Ada perbedaan antara menjilat dan membangun relasi
Banyak fresh graduate takut dianggap cari muka.
Akhirnya mereka menjaga jarak dengan atasan, senior, bahkan lintas divisi.
Padahal membangun hubungan profesional itu bagian dari pekerjaan.
Jadi jangan fokus mencari perhatian. Fokuslah membangun kepercayaan.

Karena di dunia kerja, kemampuan membuatmu dilirik.

Tapi kepercayaan sering membuatmu diberi kesempatan.

Share konten ini biar temanmu tahu gimana caranya menghadapi politik kantor",,ACC,,Belum,2026-06-11
698f764c-ec25-4db2-a73d-787df4ebeb62,Assistant Trainer,Content,Motivasi,Tanya tanya Gen z kalau jadi leader mau ngapain,Halo guys kita bakal nanya anak anak gen z yang di kantor kira kira kalau jadi leader dia mau ngapain,,ACC,,Belum,2026-06-11
9b3438c2-4042-47a4-b4d3-2e0714cab20a,Assistant Trainer,Content,Motivasi,mini podcast tentang introvert,mini podcast singkat membahas tentang sifat introvert apakah menghambat kesuksesan?,,ACC,,Belum,2026-06-11
685047cb-9e24-4307-8867-b8750dac7ce4,Content Creative,Content,Text Edukasi,5 Hal yang Lebih Menakutkan dari Tidak Punya Pekerjaan,"1. Punya pekerjaan, tapi skill-nya gak bertambah.
Plot twist-nya, yang berbahaya bukan selalu menganggur.
Kadang yang lebih berbahaya adalah bekerja bertahun-tahun, tapi kemampuanmu masih sama seperti saat pertama masuk.
Gaji mungkin naik sedikit, tapi value-mu di pasar kerja tidak banyak berubah.
Karena perusahaan membayar hasil hari ini, sedangkan karier dibangun dari kemampuan yang bisa kamu jual besok.

2. Sibuk setiap hari, tapi gak punya arah.
Banyak orang merasa produktif karena jadwalnya penuh.
Padahal belum tentu.
Kalau kamu lari sekencang apa pun ke arah yang salah, kamu tetap makin jauh dari tujuan.
Sibuk itu aktivitas. Berkembang itu progres. Dua hal yang berbeda.

3. Punya skill, tapi gak ada yang tahu.
Ini sering terjadi pada orang-orang yang sebenarnya kompeten.
Mereka belajar, bekerja, dan menghasilkan.
Tapi diam.
Di era sekarang, kemampuan penting. Tapi kemampuan yang terlihat sering kali mendapatkan kesempatan lebih dulu.
Bukan berarti harus pamer. Tapi belajar menunjukkan value juga bagian dari skill.

4. Menunggu motivasi sebelum bergerak.
Banyak orang berpikir, ""Nanti kalau semangat, aku mulai.""
Padahal realitanya sering kebalik.
Kita bukan bergerak karena termotivasi.
Kita termotivasi karena mulai bergerak.
Orang yang konsisten biasanya bukan yang paling semangat, tapi yang tetap jalan meski mood-nya biasa saja.

5. Merasa masih punya banyak waktu.
Ini yang paling sering menjebak.
Karena kehilangan peluang jarang terasa saat itu juga.
Baru beberapa tahun kemudian kita sadar bahwa kesempatan, relasi, dan pengalaman 
yang dulu dilewatkan ternyata punya dampak besar.

Jadi kalau hari ini kamu belum punya pekerjaan, jangan terlalu panik.
Yang lebih penting, pastikan kamu sedang membangun sesuatu yang membuat dirimu 
semakin layak mendapatkan kesempatan berikutnya.

Karena pekerjaan bisa dicari.

Tapi kemampuan, reputasi, dan kebiasaan baik harus dibangun sedikit demi sedikit.

Share konten ini ke temanmu yang masih panik karena gak punya pekerjaan",,ACC,,Belum,2026-06-11
da681cb9-fa48-493b-beb7-52803b2e1834,Assistant Trainer,Content,Motivasi,"Kenapa banyak orang mudah lelah, padahal masalahnya belum tentu berat?","video motivasi pak aqil menjelaskan tentang Banyak orang hari ini mudah marah.

Mudah kecewa.

Mudah tersinggung.

Bahkan sering kehilangan semangat hanya karena satu masalah kecil.

Padahal dalam hidup, tidak semua hal bisa kita kendalikan.
",,ACC,,Belum,2026-06-12
f434d230-794b-4799-9e97-efffb4dbc582,Assistant Trainer,Content,Motivasi,Kita tidak akan pernah bisa mengubah orang lain.,video motivasi outdoor pak aqil menjelaskan tentang kita tidak akan bisa mengubah orang lain kecuali orang itu sendiri dan memberikan solusi ,,ACC,,Belum,2026-06-12
a3e5f044-c965-478a-930a-7204939506fa,Assistant Trainer,Content,Text Edukasi,pov motivator nasional ketika dollar naik,"Video Random fun

Cutscene2 video mulai dari ngeprint dollar sendiri gunting sendiri ",,ACC,,Belum,2026-06-15
70cd80ec-9429-420a-84d9-3bd89d09c4d3,Assistant Trainer,Content,Motivasi,lakukan 3 hal ini kalo kamu ingin karyawan loyal di perusahaanu,"video motivasi beserta ilustrasi2 singkat 

Yang pertama, berikan apresiasi, bukan hanya evaluasi.

Karena manusia tidak hanya bekerja untuk mendapatkan penghasilan, tetapi juga ingin merasa dihargai.

Yang kedua, berikan kesempatan untuk bertumbuh.

Karyawan hebat tidak hanya mencari pekerjaan. Mereka mencari masa depan.

Dan yang ketiga, berikan kepercayaan.

Karena orang hebat tidak ingin terus diawasi. Mereka ingin dipercaya untuk mengambil keputusan dan berkembang.

Ingat, loyalitas tidak lahir dari rasa takut.

Loyalitas lahir dari rasa dihargai, dipercaya, dan dipimpin dengan baik.

Karena pada akhirnya,

karyawan datang karena perusahaan,

tetapi mereka bertahan karena pemimpinnya.",,ACC,,Belum,2026-06-15
b1e4ee4e-5afe-4ded-849c-c168b75a5dd3,Assistant Trainer,Content,Motivasi,pak bisnis owner itu kerjanya ngapain si?,"Bisnis owner punya 3 tanggung jawab besar 

1. Vision

Menentukan arah perusahaan.

Karena tanpa visi yang jelas, tim yang hebat pun bisa bergerak ke arah yang salah.

2. People

Membangun dan mengembangkan orang yang tepat.

Karena bisnis yang besar tidak dibangun oleh satu orang hebat, tetapi oleh tim yang hebat.

3. Growth

Memastikan perusahaan terus bertumbuh.

Karena bisnis yang berhenti berkembang, perlahan akan tertinggal.

",https://www.tiktok.com/@tommcifle/video/7290759992033021189?q=hal%20yang%20wajib%20kamu%20ketahui%20sebagai%20owner&t=1781493451024,ACC,Disetujui oleh Owner,Belum,2026-06-15
a534b342-646f-4278-b325-ececc867eddc,Assistant Trainer,Content,Motivasi,"Seorang business owner harus punya mental baja, bukan mental manja. ","Karena semakin besar bisnis yang dibangun, semakin besar pula tekanan yang dihadapi. Akan ada target yang tidak tercapai. Akan ada karyawan yang keluar. Akan ada keputusan sulit yang tidak bisa menyenangkan semua orang. Namun di situlah seorang owner diuji. Bukan saat bisnis sedang bertumbuh. Melainkan saat keadaan sedang sulit. Karena ketika bisnis diterpa badai, karyawan mencari kepastian. Dan tugas kalian para owner bukan menambah kepanikan, tetapi menghadirkan ketenangan.",,ACC,,Belum,2026-06-15
12c2bf85-5215-4d6f-98a2-2896a17644b4,Digital Marketing & IT,Content,Carousel,"Omzet naik, tapi tim ngga berkembang. Apa penyebabnya ?","Slide 1 :
FOKUS PADA TARGET, LUPA MENGEMBANGKAN ORANG
Banyak perusahaan mengejar angka penjualan dan pertumbuhan bisnis. Namun pengembangan SDM sering dianggap sebagai biaya, bukan investasi. Akibatnya bisnis tumbuh lebih cepat daripada kemampuan tim.

SLIDE 2 :
KARYAWAN SIBUK BEKERJA, TAPI JARANG BELAJAR
Rutinitas pekerjaan yang padat membuat pengembangan kompetensi terabaikan. Padahal dunia bisnis terus berubah dan menuntut kemampuan baru.

SLIDE 3 : 
TIDAK ADA JALUR PENGEMBANGAN YANG JELAS
Karyawan tidak tahu keterampilan apa yang harus ditingkatkan. Mereka bekerja setiap hari, tetapi tidak melihat arah pertumbuhan kariernya.

SLIDE 4 : 
PEMIMPIN FOKUS MENGAWASI, BUKAN MEMBINA
Tim yang hanya diawasi akan bekerja sesuai instruksi.
Tim yang dibina akan belajar berpikir, berinisiatif, dan menyelesaikan masalah secara mandiri.

SLIDE 5 :
DAMPAKNYA BAGI BISNIS

• Owner semakin kewalahan
• Produktivitas sulit meningkat
• Regenerasi pemimpin terhambat
• Karyawan mudah bergantung
• Bisnis sulit scale up

SLIDE 6 : 

BISNIS YANG BERTUMBUH MEMBUTUHKAN TIM YANG IKUT BERTUMBUH
Karena pertumbuhan bisnis yang berkelanjutan tidak hanya ditentukan oleh strategi. Tetapi juga oleh kualitas orang-orang yang menjalankannya.

Menurut Anda, mana yang lebih sulit:
meningkatkan omzet atau mengembangkan tim?",https://canva.link/zvid8z2wn51fm37,ACC,Disetujui oleh Owner,Belum,2026-06-15
b9854bb2-6db4-44a4-8af4-722691158586,Content Creative,Content,Text Edukasi,4 tugas yang seharusnya tidak lagi dikerjakan seorang owner,"Di titik tertentu, pertumbuhan bisnis sering terhambat bukan karena kurang kerja keras, 
tetapi karena owner terlalu banyak memegang pekerjaan yang seharusnya sudah dilepas..

Berikut 5 tugas yang sebaiknya mulai dikurangi:

1. Menjadi Customer Service Terbaik di Bisnis Sendiri
Banyak owner bangga karena semua pelanggan maunya dilayani langsung oleh mereka.
Masalahnya, pelanggan jadi loyal ke owner, bukan ke bisnis.
Begitu owner sibuk, kualitas layanan turun. Begitu owner libur, proses melambat.
Kalau semua pelanggan harus lewat owner, yang sedang tumbuh bukan bisnisnya. 
Yang sedang tumbuh adalah ketergantungan terhadap owner.

2. Menjadi Tempat Bertanya untuk Semua Hal
""Pak/Bu, ini gimana?""
""Pak/Bu, yang ini boleh gak?""
Kelihatannya tim menghargai owner.
Padahal bisa jadi mereka sudah terbiasa tidak berpikir sebelum bertanya.
Semakin sering owner menjadi mesin jawaban, semakin lambat tim belajar mengambil keputusan.

3. Menjadi Quality Control Terakhir untuk Semua Pekerjaan
Banyak owner merasa tenang kalau semua pekerjaan harus lewat meja mereka.
Tapi coba pikirkan.
Kalau setiap pekerjaan harus menunggu satu orang, yang menjadi penghambat bukan timnya.
Yang menjadi penghambat adalah owner-nya.

4. Menyelesaikan Pekerjaan yang Tidak Selesai oleh Tim
Ada owner yang diam-diam mengerjakan ulang desain tim, membalas chat yang lupa dibalas staf, 
atau memperbaiki laporan yang salah.
Kelihatannya cepat selesai.
Tapi tanpa sadar owner sedang mengajari tim bahwa konsekuensi kesalahan mereka akan selalu ditanggung orang lain.

Menurutmu, tugas nomor berapa yang paling sulit dilepas oleh seorang owner?",,ACC,Disetujui oleh Owner,Belum,2026-06-15
8b764c25-0ffd-4b8c-9aac-3f68b6b6cfe9,Assistant Trainer,Content,Motivasi,"""Pak Aqil, menurut Bapak, apakah sebagai owner perlu ikut membuat konten?""","Pak Aqil:

Menurut saya, iya.

Karena di era digital, konten bukan lagi sekadar pemasaran.

Konten adalah alat komunikasi terbaik di zaman sekarang.

Melalui konten, owner bisa menyampaikan visi.

Membangun kepercayaan.

Dan menunjukkan nilai-nilai perusahaan kepada pasar.

Dulu komunikasi dibatasi ruang dan waktu.

Hari ini, satu konten bisa menjangkau ribuan bahkan jutaan orang.

Owner tidak harus menjadi influencer.

Tapi owner perlu hadir dan menyuarakan apa yang diperjuangkannya.

Karena pada akhirnya,

orang tidak hanya membeli produk.

Mereka membeli kepercayaan terhadap orang di balik produk tersebut.",,ACC,,Belum,2026-06-15
1f0b6955-2ade-41e8-8f04-9dd6bb136795,Assistant Trainer,Content,Motivasi,Ini bukan lagi era di mana pemimpin bisa bertindak sebagai bos yang otoriter.,"Generasi Z telah hadir dengan semangat dan harapan baru.

Mereka tidak hanya mencari gaji.

Mereka mencari pertumbuhan.

Mereka mencari makna.

Dan mereka mencari pemimpin yang layak untuk diikuti.

Jabatan mungkin bisa membuat orang patuh.

Tetapi kepemimpinanlah yang membuat orang bertahan.

Karena di era ini,

orang mungkin bekerja untuk perusahaan.

Tetapi mereka bertahan karena pemimpinnya. 🔥",,ACC,Disetujui oleh Owner,Belum,2026-06-15
75ae9621-0852-49b7-bf0a-c40d250c487d,Assistant Trainer,Content,Motivasi,Ini tips buat kamu para bussines owner yang punya karyawan kurang inisiatif.,"Yang pertama, pastikan mereka tahu tujuan pekerjaannya.

Karena orang akan sulit berinisiatif jika tidak tahu ke mana arah yang dituju.

Yang kedua, berikan ruang untuk mengambil keputusan.

Karena orang yang terlalu sering dikontrol akan terbiasa menunggu perintah.

Dan yang ketiga, jangan hukum setiap kesalahan.

Karena inisiatif selalu datang bersama risiko.

Jika setiap kesalahan dihukum, orang akan memilih bermain aman.

Ingat, karyawan yang pasif belum tentu tidak peduli.

Bisa jadi mereka belum diberi kejelasan, kepercayaan, dan rasa aman untuk bertindak.",,ACC,,Belum,2026-06-15
84975510-f611-443f-b9fa-7f0d9daf42af,Assistant Trainer,Content,Text Edukasi,Pentingnya sudut pandang,"video random pak aqil berisi hook "" Pentingnya sudut pandang, jika kamu bertanya kepada rumput, maka rusa adalah monster dan singa adalah penjaga (ini kaya sebuah analogi yang bisa membuat audience coment)",,ACC,,Belum,2026-06-17
79038794-7c0c-4558-84a3-985ecdac13d1,Assistant Trainer,Content,Motivasi,"Banyak orang bertanya, bagaimana saya bisa tetap konsisten sampai hari ini.","Jawabannya bukan karena saya selalu semangat.



Saya juga pernah lelah.



Pernah kehilangan motivasi.



Dan pernah berada di titik di mana semuanya terasa berat.



Tapi ada satu hal yang membuat saya terus berjalan:



Tanggung jawab.



Tanggung jawab kepada keluarga.



Tanggung jawab kepada orang-orang yang percaya.



Dan tanggung jawab atas amanah yang diberikan Allah.



Karena saya percaya, hidup tidak selalu tentang melakukan apa yang kita sukai.

Tetapi tentang menuntaskan apa yang menjadi tanggung jawab kita.",,ACC,,Belum,2026-06-17
df26cd4d-f640-411f-922a-6829c644ed74,Assistant Trainer,Content,Motivasi,Apakah Gen Z sulit diatur?  Atau jangan-jangan cara memimpin kita yang perlu berubah?,"Apakah Gen Z sulit diatur?

Atau jangan-jangan cara memimpin kita yang perlu berubah?

Karena generasi hari ini tidak hanya mencari gaji.

Mereka mencari pertumbuhan.

Mereka mencari makna.

Dan mereka ingin didengar.

Jika dulu orang bertahan karena takut kehilangan pekerjaan,

hari ini banyak orang memilih pergi ketika kehilangan harapan.

Karena itu, mungkin pertanyaannya bukan:

""Bagaimana cara mengatur Gen Z?""

Tetapi bagaimana menjadi pemimpin yang layak untuk mereka ikuti.""
Setuju atau tidak?",,ACC,,Belum,2026-06-18
ec8c234f-e1b5-4f16-b802-4e7793683b52,Assistant Trainer,Content,Motivasi,3 penyebab karyawan kehilangan semangat kerja. Business owner wajib tahu ini.,"3 penyebab karyawan kehilangan semangat kerja. Business owner wajib tahu ini.

Yang pertama,

Merasa tidak dihargai.

Karena apresiasi yang kurang bisa membuat orang kehilangan motivasi.

Yang kedua,

Tidak melihat peluang untuk berkembang.

Karena orang hebat tidak hanya mencari gaji, mereka juga mencari masa depan.

Dan yang ketiga,

Kehilangan kepercayaan terhadap pemimpinnya.

Karena ketika kepercayaan hilang, semangat kerja biasanya ikut hilang.

Ingat, karyawan yang kehilangan semangat belum tentu karena pekerjaannya.

Bisa jadi karena lingkungan dan cara mereka dipimpin.",,ACC,,Belum,2026-06-18
ec2cb330-5cea-4066-8f4c-6ecba7c0bdd7,Assistant Trainer,Content,Motivasi,3 kesalahan owner saat bisnis mulai bertumbuh. Nomor 3 paling sering terjadi.,"Yang pertama,

Merasa harus mengerjakan semuanya sendiri.

Padahal semakin besar bisnis, semakin penting kemampuan delegasi.

Yang kedua,

Terlalu fokus mencari pelanggan, tapi lupa mengembangkan tim.

Padahal bisnis bertumbuh melalui orang-orang di dalamnya.

Dan yang ketiga,

Merasa cara lama akan selalu berhasil.

Padahal setiap level bisnis membutuhkan cara berpikir yang baru.

Karena yang membawa bisnis sampai ke level sekarang,

belum tentu bisa membawa bisnis ke level berikutnya. 

Menurut Anda, mana yang paling sering terjadi?",,ACC,,Belum,2026-06-18
3b8772ed-7678-4385-8daa-2e56a192ea47,Content Creative,Content,Text Edukasi,Banyak owner sedang bingung: kurangi karyawan atau kurangi mimpi bisnisnya.,"Kalau melihat berita PHK, mudah untuk menyimpulkan bahwa perusahaan tidak peduli pada karyawannya.
Tapi di balik layar, sering kali situasinya lebih rumit.
Beberapa owner saat ini sedang menghadapi pilihan yang tidak enak:

• Mempertahankan semua karyawan, tapi perusahaan kehabisan napas beberapa bulan lagi.
• Mengurangi sebagian tim, agar perusahaan tetap hidup dan sisanya tetap punya pekerjaan.
• Tetap mengejar target ekspansi yang sudah direncanakan bertahun-tahun.
• Atau mengubur sementara mimpi itu demi bertahan hari ini.

Masalahnya, tidak semua keputusan yang terlihat ""baik"" benar-benar baik.

Mempertahankan seluruh karyawan terdengar mulia.
Tapi kalau akhirnya perusahaan tumbang dan semua kehilangan pekerjaan, apakah itu masih keputusan yang tepat?

Sebaliknya, melakukan PHK memang menyakitkan.
Tapi kadang itu adalah cara terakhir agar bisnis tidak ikut mati.

Yang menarik, banyak orang mengira pilihan owner hanya ada dua:
1. Kurangi karyawan.
2. Atau pertahankan karyawan.

Padahal sering kali ada pilihan ketiga yang jarang dibahas.

Kurangi ego.

Karena tidak sedikit bisnis yang kesulitan bukan karena ekonomi semata, tetapi karena owner tetap memaksa membuka cabang baru, mempertahankan gaya hidup, atau mengejar ambisi yang sebenarnya belum waktunya.

Kadang yang perlu dikorbankan bukan timnya.
Bukan juga mimpinya.
Tapi cara mencapai mimpi itu.

Menurutmu, saat krisis seperti sekarang, siapa yang seharusnya lebih berkorban?
Owner, karyawan, atau keduanya?",,Revisi,"Ini bagus, tapi kepanjangan. Orang males baca",Belum,2026-06-18
31cd9f57-ae8e-47b6-802d-872eb5fb7c0f,Content Creative,Content,Text Edukasi,4 keputusan hemat yang justru sering bikin bisnis makin rugi.,"Saat ekonomi melambat, rupiah melemah, dan daya beli masyarakat turun, banyak owner mulai mode bertahan hidup.
Masalahnya, tidak semua penghematan itu menyelamatkan bisnis.
Beberapa justru mempercepat penurunan bisnis secara perlahan.

1. Memotong budget marketing
Banyak owner menganggap marketing adalah biaya.
Padahal marketing adalah mesin yang membawa pelanggan datang.

Plot twist-nya:
Saat bisnis sepi, marketing sering menjadi pengeluaran pertama yang dipotong.
Padahal justru saat pasar sedang lesu, pelanggan perlu lebih sering diingatkan bahwa bisnis kita masih ada.
Kalau kompetitor tetap muncul sementara kita menghilang, pelanggan akan memilih yang mereka lihat.

2. Menurunkan kualitas produk
Awalnya terlihat hemat.
Bahan baku diturunkan. Proses dipangkas.
Masalahnya, pelanggan mungkin tidak langsung komplain. 
Mereka hanya diam. Lalu tidak kembali membeli.
Yang hilang bukan sekadar margin, tapi kepercayaan.

3. Mengurangi layanan pelanggan
Banyak bisnis fokus mencari pelanggan baru.
Tapi lupa mempertahankan pelanggan lama.
Pelanggan yang kecewa sering pergi diam-diam. Dan diam-diam membeli dari kompetitor.

4. Menunda inovasi
Saat kondisi ekonomi sulit, banyak owner berpikir:
""Nanti saja kalau kondisi sudah membaik.""
Masalahnya, kompetitor juga tidak sedang diam.
Saat kita menunggu kondisi ideal, mereka sedang memperbaiki produk, sistem, dan strategi.

Dalam bisnis, yang paling berbahaya bukan krisis.
Tapi merasa aman saat dunia terus berubah.

Karena tidak semua keputusan hemat menghasilkan keuntungan.
Ada penghematan yang mengurangi biaya.
Ada juga penghematan yang mengurangi masa depan bisnis.",,ACC,,Belum,2026-06-18
ff8211dc-4e72-49ab-9a9a-1814a510089d,Content Creative,Content,Text Edukasi,4 hal yang dipikirkan owner sebelum membuka lowongan baru,"Di saat ekonomi lagi tidak stabil, rupiah melemah, biaya operasional naik, 
dan persaingan bisnis makin ketat… keputusan untuk membuka lowongan baru itu bukan keputusan sederhana.

Banyak karyawan melihatnya seperti:
“Kalau butuh orang, ya tinggal rekrut.”
Tapi dari sisi owner, ada beberapa pertimbangan yang sering tidak diketahui karyawan.

1. Cashflow dulu, baru ekspansi
Banyak yang mengira selama omzet masih ada, perusahaan aman-aman saja.
Padahal, omzet itu belum tentu uang yang bisa dipakai.
Owner justru lebih fokus ke cashflow—uang yang benar-benar masuk dan siap dipakai untuk operasional harian. 
Karena gaji, listrik, sewa, supplier… semua tidak bisa nunggu “uang nanti masuk”.

2. Beban gaji itu bukan sekali bayar
Kelihatannya sederhana: “Tambah 1 orang berarti tambah 1 gaji.”
Tapi di kepala owner, itu bukan hitungan bulanan biasa.
Itu komitmen jangka panjang yang harus tetap dibayar bahkan saat bisnis sedang turun.
Makanya satu keputusan rekrut bisa berdampak sampai 6–12 bulan ke depan.

3. Target pertumbuhan harus jelas, bukan sekadar sibuk
Kadang tim sudah kewalahan, tapi owner tetap menahan rekrutmen.
Bukan karena tidak peduli.
Tapi karena sibuk tidak selalu berarti produktif.
Owner akan tanya:
“Kalau saya tambah orang, apakah revenue juga naik atau hanya beban yang bertambah?”

5. Kondisi pasar lebih menentukan daripada kebutuhan internal
Ini yang paling sering tidak disadari.
Walaupun internal butuh orang, tapi kalau pasar sedang tidak stabil
Owner bisa menahan ekspansi hanya karena faktor eksternal yang tidak terlihat oleh tim.
Karena yang dijaga bukan hanya tim hari ini, tapi keberlangsungan bisnis besok.

Pada akhirnya, keputusan membuka lowongan itu bukan soal “butuh atau tidak butuh orang”.
Tapi soal:
“Apakah bisnis ini siap menanggung konsekuensinya?”",,ACC,,Belum,2026-06-18
681b8fc2-141f-4623-8bce-e35199a96a23,Assistant Trainer,Content,Motivasi,"Salah rekrut satu orang, bisa merusak sepuluh orang lainnya","Salah rekrut satu orang, bisa merusak sepuluh orang lainnya.

Karena masalah terbesar bukan pada skill.

Skill masih bisa diajarkan.

Tapi karakter yang buruk bisa menular.

Satu orang yang suka mengeluh,

bisa memengaruhi semangat satu tim.

Satu orang yang tidak bertanggung jawab,

bisa menurunkan standar kerja seluruh tim.

Itulah mengapa rekrutmen bukan sekadar mencari orang yang pintar.

Tetapi mencari orang yang tepat.

Karena orang yang salah tidak hanya merugikan pekerjaan.

Mereka bisa merusak budaya perusahaan. 🔥

Setuju nggak, para owner?",,Pending,,Belum,2026-06-19
654b8d89-e0cb-4e24-bdf1-767c15369e87,Assistant Trainer,Content,Motivasi,Kesalahan terbesar owner adalah mengira semua orang berpikir seperti dirinya.,"Banyak owner kecewa pada timnya.

Karena mereka berharap karyawan memiliki rasa memiliki seperti dirinya.

Padahal owner mempertaruhkan modalnya.

Owner mempertaruhkan waktunya.

Owner mempertaruhkan masa depannya.

Tentu cara berpikirnya berbeda.

Kesalahan terbesar owner adalah mengharapkan semua orang berpikir seperti owner.

Tugas owner bukan menyamakan pola pikir.

Tugas owner adalah menyamakan arah tujuan.",,Pending,,Belum,2026-06-19
279bb53c-a1d1-4ab7-bcaf-f4c5760c5d1a,Assistant Trainer,Content,Motivasi,Owner Bisnis yang Terlalu Perfeksionis Justru Menghambat Tim,"Banyak owner mengira perfeksionis adalah kelebihan.

Padahal jika semua harus sesuai caranya,

tim akan takut mengambil keputusan.

Takut berinisiatif.

Dan akhirnya hanya menunggu instruksi.

Padahal bisnis yang bertumbuh membutuhkan orang-orang yang berani bertindak.

Bukan orang yang selalu menunggu persetujuan.

Karena semakin sering Anda mengontrol semuanya,

semakin sedikit ruang bagi tim untuk berkembang.

Dan ketika tim tidak berkembang,

bisnis pun akan sulit berkembang.",,Pending,,Belum,2026-06-19
ca74a536-d140-4fc2-b1a1-e9ab141d7781,Assistant Trainer,Content,Motivasi,Kalian owner bisnis pernah nggak merasa kenapa tim Anda tidak berani jujur?,"Kenapa masalah baru diketahui saat sudah besar?

Kenapa karyawan lebih sering diam daripada menyampaikan pendapat?

Bisa jadi masalahnya bukan pada tim.

Bisa jadi mereka takut dengan reaksi yang akan mereka terima.

Karena ketika setiap kesalahan langsung dimarahi,

orang akan belajar untuk menyembunyikan masalah.

Ketika setiap pendapat selalu ditolak,

orang akan memilih diam.

Ingat, tim yang sehat bukan tim yang selalu setuju.

Tim yang sehat adalah tim yang berani berkata jujur.

Menurut Anda, apakah tim Anda sudah cukup nyaman untuk berkata jujur?",,Pending,,Belum,2026-06-19
896b99af-5b19-4ea0-a066-f3cf5634def2,Assistant Trainer,Content,Motivasi,3 Cara Membuat Karyawan Lebih Bertanggung Jawab,"Kalau Anda punya karyawan yang kurang bertanggung jawab, coba lakukan 3 hal ini.

Yang pertama,

Berikan tujuan, bukan hanya tugas.

Karena orang lebih bertanggung jawab ketika tahu mengapa pekerjaannya penting.

Yang kedua,

Berikan kepercayaan.

Karena orang yang terus diawasi akan terbiasa menunggu instruksi.

Yang ketiga,

Beri konsekuensi yang jelas.

Karena tanggung jawab tumbuh ketika seseorang memahami bahwa setiap tindakan memiliki akibat.

Ingat, karyawan yang bertanggung jawab tidak muncul begitu saja.

Mereka dibentuk oleh budaya dan kepemimpinan yang tepat. 

Menurut Anda, mana yang paling sulit diterapkan di perusahaan?",,Pending,,Belum,2026-06-19
8b99455a-1f0a-45da-83c6-1d93fa8b058e,Assistant Trainer,Content,Motivasi,stich video perjuangan seorang ayah ,"pak aqil mengomentari video : 
Banyak orang bertanya bagaimana caranya tetap kuat menjalani hidup.

Coba lihat seorang ayah.

Setiap hari berangkat pagi.

Pulang dalam keadaan lelah.

Besoknya mengulang lagi.

Bukan karena ia tidak lelah.

Tetapi karena tanggung jawabnya lebih besar daripada rasa lelahnya.

Karena pada akhirnya, yang membuat seseorang bertahan bukan motivasi.

Tetapi tanggung jawab yang ia perjuangkan.",https://www.tiktok.com/@nurul.gk/video/7568467294154689810?q=perjuangan%20ayah&t=1782094497378,Pending,,Belum,2026-06-22
b7731c63-a110-47c7-b0eb-6375217591ec,Assistant Trainer,Content,Motivasi,3 Hal yang Dilihat Bos Sebelum Menaikkan Gaji,"Kalau kamu berpikir kenaikan gaji hanya ditentukan oleh lamanya bekerja, belum tentu.

Ada 3 hal yang biasanya dilihat atasan.

Yang pertama,

Kinerja.

Karena perusahaan menghargai kontribusi, bukan hanya kehadiran.

Yang kedua,

Sikap.

Apakah kamu bisa dipercaya, bertanggung jawab, dan mudah diajak bekerja sama.

Dan yang ketiga,

Nilai yang kamu berikan.

Karena semakin besar dampak yang kamu berikan, semakin besar pula nilai kamu bagi perusahaan.

Ingat, gaji tidak hanya naik karena waktu.

Gaji naik ketika nilai yang Anda berikan juga meningkat. 

Setuju nggak?",,ACC,,Belum,2026-06-22
a4508653-8069-4299-b731-61af6ef17d6e,Assistant Trainer,Content,Motivasi,3 Kebiasaan Karyawan yang Sulit Digantikan,"Selalu bisa diandalkan.

Ketika diberi tanggung jawab, pekerjaannya selesai tanpa harus terus diingatkan.

Yang kedua,

Mau terus belajar.

Karena dunia kerja terus berubah, dan orang yang terus bertumbuh akan selalu dibutuhkan.

Dan yang ketiga,

Memberikan solusi, bukan hanya mengeluh.

Karena setiap perusahaan butuh orang yang membantu menyelesaikan masalah, bukan menambah masalah.

Ingat, yang membuat seseorang sulit digantikan bukan hanya skill.

Tetapi sikap dan nilai yang ia berikan setiap hari.

Menurut Anda, mana yang paling penting?",,ACC,,Belum,2026-06-22
3026b8fe-27c2-4b71-96fc-078f7a8af46b,Assistant Trainer,Content,Motivasi,Kenapa Owner Harus Belajar Delegasi?,"Banyak owner mengira semakin banyak yang dikerjakan, semakin besar bisnisnya akan bertumbuh.

Padahal tidak.

Karena waktu owner terbatas.

Jika semua hal harus dikerjakan sendiri,

bisnis akan sulit berkembang.

Delegasi bukan berarti melepaskan tanggung jawab.

Delegasi adalah memberikan tanggung jawab kepada orang yang tepat.

Karena tugas owner bukan mengerjakan semuanya.

Tugas owner adalah memastikan semuanya tetap berjalan.

Semakin besar bisnis, semakin penting kemampuan delegasi. 

Menurut kamu, apa yang paling sulit untuk didelegasikan sebagai owner?",,ACC,,Belum,2026-06-22
ac84e449-601a-4fe3-a87d-9ddddd35ff91,Assistant Trainer,Content,Motivasi,Hal yang Dipikirkan Owner Tapi Tidak Dipahami Karyawan,"Ada satu hal yang sering dipikirkan owner, tapi tidak selalu dipahami karyawan.

Ketika karyawan pulang kerja, pekerjaannya selesai.

Tapi ketika owner pulang kerja,

pikirannya sering kali masih bekerja.

Memikirkan gaji karyawan.

Target perusahaan.

Biaya operasional.

Dan masa depan bisnis.

Bukan berarti beban owner lebih berat.

Atau beban karyawan lebih ringan.

Hanya saja tanggung jawabnya berbeda.

Karena semakin besar tanggung jawab seseorang, semakin banyak hal yang harus dipikirkannya.

Dan itulah alasan mengapa owner dan karyawan sering melihat masalah dari sudut pandang yang berbeda.

Setuju nggak?",,ACC,,Belum,2026-06-22
0ed6b017-a744-4ba9-b60e-6ccacb138896,Content Creative,Content,Text Edukasi,3 alasan owner tidak langsung menaikkan gaji saat omzet naik,"""Omzet perusahaan naik, kok gaji belum naik juga?""

Kalimat ini sering muncul ketika karyawan melihat bisnis terlihat semakin ramai. Sekilas memang masuk akal. 
Tapi dalam praktiknya, banyak owner justru tidak langsung menaikkan gaji meskipun omzet sedang bertumbuh.

Ada beberapa alasan yang jarang dibahas.

1. Omzet naik belum tentu profit ikut naik

Banyak orang mengira omzet adalah uang yang bisa langsung dibagikan. 
Padahal omzet masih harus dipotong biaya operasional, bahan baku, sewa, pajak, 
marketing, logistik, dan berbagai pengeluaran lainnya.

Bisa saja omzet naik 20%, tetapi keuntungan bersihnya justru stagnan 
atau bahkan turun karena biaya bisnis ikut naik.

2. Owner sedang membangun dana cadangan

Kondisi ekonomi saat ini penuh ketidakpastian. Nilai tukar rupiah yang melemah, 
kenaikan harga bahan baku impor, hingga perubahan daya beli masyarakat membuat 
banyak bisnis harus lebih berhati-hati.

Saat bisnis sedang menghasilkan lebih banyak uang, sebagian owner memilih memperkuat cadangan kas terlebih dahulu 
agar perusahaan tetap aman ketika kondisi pasar berubah.

3. Owner sedang memikirkan keberlanjutan, bukan hanya kondisi hari ini

Menaikkan gaji adalah keputusan jangka panjang. Ketika gaji naik, perusahaan harus siap membayar angka tersebut setiap bulan,
bukan hanya saat bisnis sedang ramai.

Karena itu banyak owner memilih memastikan pertumbuhan bisnis benar-benar stabil
sebelum mengambil keputusan yang berdampak permanen terhadap struktur biaya perusahaan.

Bukan berarti karyawan tidak pantas mendapatkan kenaikan gaji. Namun dari sudut pandang bisnis, 
keputusan tersebut sering kali lebih kompleks daripada sekadar melihat omzet yang sedang naik.",,ACC,,Belum,2026-06-24
9dd2ec65-bf43-49cf-827a-c1b2756c79ff,Assistant Trainer,Content,Motivasi,stich video kakek sakit dikereta,pak aqil membahas tentang orang orang yang tidak peduli sama kakek tersebut ( tidak punya empati),https://www.tiktok.com/@_taurus320/video/7655347395680570632?q=video%20%20kakek2%20di%20kereta&t=1782702699305,Pending,,Belum,2026-06-29
256e2523-2512-408a-9783-8be309723630,Assistant Trainer,Content,Motivasi,stich video kakek yang berjuang keras jualan untuk memenuhi kebutuhan hidup,"Lihat kakek ini.

Di usia yang sudah tidak muda, beliau masih memilih berjuang.

Dalam bisnis juga begitu.

Akan ada masa penjualan turun.

Target tidak tercapai.

Dan keadaan tidak selalu sesuai harapan.

Yang membedakan owner yang berhasil bukan karena tidak pernah mengalami masa sulit.

Tetapi karena mereka tetap memilih bangkit dan melanjutkan perjuangan.",https://www.tiktok.com/@thebahries/video/7473535388573846790?q=video%20kakek%20yang%20sudah%20tua&t=1782702976020,Pending,,Belum,2026-06-29
043ad5fa-2bdb-42e9-802f-dc4ab4364d5e,Content Creative,Content,Text Edukasi,Banyak bisnis gagal bukan karena rugi. Tapi karena terlalu lama terlihat untung,"""Banyak bisnis gagal bukan karena rugi. Tapi karena terlalu lama terlihat untung.""

Kalimat ini terdengar berlebihan, padahal justru sering terjadi di dunia bisnis.

Masalahnya bukan saat bisnis mulai merugi. Masalahnya adalah ketika keuntungan membuat owner 
merasa semuanya baik-baik saja, sehingga tanda-tanda bahaya mulai diabaikan.

Berikut 4 jebakan yang sering terjadi:

1. Profit dijadikan satu-satunya indikator kesehatan bisnis.
Padahal profit adalah lagging indicator—ia hanya menunjukkan hasil dari keputusan yang sudah terjadi.
Sementara kesehatan bisnis justru lebih banyak ditentukan oleh leading indicators, 
seperti retensi pelanggan, produktivitas tim, kecepatan inovasi, kualitas sistem, dan arus kas.

2. Keuntungan menurunkan urgensi untuk berubah.
Otak manusia memiliki kecenderungan mempertahankan kondisi yang terasa aman (status quo bias). 
Selama bisnis masih menghasilkan uang, owner lebih mudah menunda perubahan karena 
merasa belum ada alasan yang cukup kuat untuk bertindak.

3. Owner mulai mengoptimalkan hasil jangka pendek.
Ketika target selalu tercapai, owner sering menunda inovasi, membangun sistem, atau meningkatkan kualitas tim. 
Padahal perubahan biasanya dibutuhkan sebelum masalah benar-benar muncul.

Keuntungan adalah hasil yang perlu disyukuri. Tetapi sebagai owner, jangan biarkan keuntungan membuat kita berhenti mempertanyakan: 
""Apakah bisnis ini benar-benar semakin kuat, atau hanya terlihat baik untuk saat ini?""

Kalau menurutmu insight ini penting, bagikan ke sesama business owner. 
Bisa jadi mereka sedang menikmati profit, tanpa menyadari ada risiko yang perlahan sedang tumbuh.",,Pending,,Belum,2026-06-29
d1354f30-f34c-441f-846d-47bc50e2ef31,Content Creative,Content,Text Edukasi,"Semakin banyak ide baru, semakin sulit bisnis Anda bertumbuh","""Semakin banyak ide baru, semakin sulit bisnis Anda bertumbuh.""

Ironisnya, masalah banyak business owner bukan karena kehabisan ide, tetapi karena kelebihan ide

Beberapa hal yang perlu dipikirkan sebelum memulai ide baru dalam berbisnis

1. Setiap ide baru membutuhkan fokus baru
Semakin sering fokus berpindah, semakin sedikit energi yang tersisa untuk menyempurnakan strategi yang sebenarnya sudah berjalan.

2. Bisnis bertumbuh dari konsistensi, bukan sekadar kreativitas
Ide yang biasa saja tetapi dieksekusi dengan disiplin sering kali menghasilkan dampak yang lebih besar daripada ide brilian yang terus berganti.

3. Tidak semua ide harus dijalankan sekarang.
Mampu membedakan mana yang penting dan mana yang hanya menarik sesaat adalah salah satu ciri owner yang matang.

4. Eksekusi selalu mengalahkan antusiasme.
Banyak bisnis berhenti di tengah jalan bukan karena idenya buruk, tetapi karena owner lebih bersemangat memulai daripada menyelesaikan.

5. Semakin besar bisnis, semakin mahal harga dari distraksi.
Setiap perubahan arah membutuhkan waktu, biaya, dan penyesuaian dari tim. Karena itu, keputusan untuk beralih sebaiknya lahir dari data, bukan sekadar rasa bosan.

Kadang, bisnis Anda tidak membutuhkan ide berikutnya.

Yang dibutuhkan adalah keberanian untuk tetap konsisten menjalankan ide yang sudah terbukti memiliki potensi.

Kalau insight ini mengubah cara pandangmu tentang membangun bisnis, simpan postingan ini
Bagikan ke sesama business owner yang sering merasa harus terus mencari ide baru agar bisnisnya berkembang
",,Pending,,Belum,2026-06-29
f41c252f-d8ac-4ef2-9964-68ef90218a69,Content Creative,Content,Text Edukasi,Kejar kepuasan pelanggan bisa bikin bisnis kamu mati.,"Dalam dunia bisnis, ada satu dogma yang sering dipercaya tanpa dikritisi ""pelanggan harus selalu dipuaskan.""
Padahal, jika tidak dipahami dengan benar, pola pikir ini justru bisa merusak bisnis itu sendiri.

Berikut beberapa realitas yang jarang dibahas:

• Tidak semua kepuasan pelanggan selaras dengan keberlanjutan bisnis
Kadang pelanggan ingin harga lebih murah, layanan lebih banyak, 
atau perubahan yang justru menekan margin bisnis kamu.

• Bisnis yang hanya fokus menyenangkan pelanggan akan kehilangan arah
Ketika semua permintaan diikuti, kamu tidak lagi menjalankan strategi—kamu hanya bereaksi.

• Kepuasan jangka pendek bisa mengorbankan stabilitas jangka panjang
Diskon berlebihan, fleksibilitas tanpa batas, dan “mengiyakan semua permintaan” 
bisa membuat bisnis tidak sehat secara finansial.

• Batas bisnis itu penting
Justru bisnis yang kuat adalah bisnis yang tahu kapan harus bilang “tidak”, 
meskipun itu tidak menyenangkan semua orang.

• Tugas utama bisnis bukan menyenangkan semua orang, tapi menciptakan nilai yang berkelanjutan
Pelanggan puas itu penting, tapi bukan satu-satunya kompas keputusan.

Dalam bisnis, kamu tidak sedang membangun hubungan untuk disukai semua orang, 
tapi membangun sistem yang tetap hidup dalam jangka panjang.

Kalau kamu setuju bahwa bisnis butuh batas, kirim ke teman yang sedang bangun usaha.",,Pending,,Belum,2026-06-29